{"mean": {"Unnamed: 0.2": 229597.09723219567, "Unnamed: 0": 229597.09723219567, "Unnamed: 0.1": 229597.09723219567, "feH": -1.1767265796661377, "id_stars": 8599777.315328019, "radial_distance_stars": 9.626687280891952, "redshift_stars": 1.1225600471340862, "snap_list_stars": 350.79739000045834, "star_mass": 5066.437500837417, "subhalo_mass_stars": 17538197282.500183, "subhalo_stellar_mass_stars": 1385420724.9633203, "vphistar": 100.51238159225827, "vrstar": 5.523757518271958, "vthetastar": 4.247040212299852, "vxstar": -18.23920888865654, "vystar": 4.292102502583209, "vzstar": -5.790439310459123, "xstar": 0.34864351258445125, "ystar": 0.7939376481684433, "zstar": -0.19884903324681819, "subhalo_infall_mass_stars": 17589375480.42537, "subhalo_infall_stellar_mass_stars": 1385432431.549381, "form_scalefactor": 0.4579351067105231, "form_time": 5.479565916269924, "vr_cyl": 8.053335918032237, "vphi_cyl": -6.275641554274099, "vz_cyl": -18.059311106285097, "r_cyl": 6.780018289619563, "phi_cyl": 3.2622041318939816, "z_cyl": 0.16965910198200182, "vx_cart": 4.611067906589498, "vy_cart": 4.2085523633211, "vz_cart": -18.059311106285097, "x_cart": -0.6022299816736529, "y_cart": 0.616721333660917, "z_cart": 0.16965910198200182, "cluster_id": 16.317305488681928, "mgfe": 0.29099759459495544, "jrstar": 1120.2407873878124, "jzstar": 473.85779617169237, "jphistar": 1046.0130831238916, "estar": -137727.24116489157, "pstar": -190043.18354364688, "kstar": 52315.94237875524, "lxstar": -23.777878197091926, "lystar": 41.24974831953705, "lzstar": 1046.0130831238916, "apostar": 22.31352049314088, "peristar": 4.092861380455616, "eccstar": 0.6979920397634521, "zmaxstar": 9.823580726147457, "thetarstar": 3.068592465317259, "thetazstar": 3.2634276664301893, "thetaphistar": 2.9304653035425305, "omegarstar": 43.34423265340573, "omegazstar": 36.2896397914536, "omegaphistar": 5.001262162364054, "sundist": 11.69557642290954, "rstar": 9.626687280891952, "s_jzrstar": -646.3829912161204, "a_jzrstar": 1594.098583559505, "c_lzstar": 11812308893358.004, "c_lxstar": -120279678259.8891, "c_lystar": 654372163290.2526, "c_jzstar": 8454564816646.423, "c_jrstar": 16050531180807.912}, "std": {"Unnamed: 0.2": 132835.3754821585, "Unnamed: 0": 132835.3754821585, "Unnamed: 0.1": 132835.3754821585, "feH": 0.5702241063117981, "id_stars": 4194304.846816823, "radial_distance_stars": 4.100176270401573, "redshift_stars": 1.4332759487611533, "snap_list_stars": 154.19127600672024, "star_mass": 607.2817063001677, "subhalo_mass_stars": 28530612442.666233, "subhalo_stellar_mass_stars": 845356736.0489807, "vphistar": 181.81626221405833, "vrstar": 208.21195594843917, "vthetastar": 134.4292559184789, "vxstar": 199.52160174997482, "vystar": 209.88106385948268, "vzstar": 142.78772410001446, "xstar": 6.866286008249951, "ystar": 6.584783689084332, "zstar": 4.264723138406678, "subhalo_infall_mass_stars": 28503864275.601364, "subhalo_infall_stellar_mass_stars": 845338278.0297776, "form_scalefactor": 0.22061375743178338, "form_time": 3.3569894900951365, "vr_cyl": 202.5250005013662, "vphi_cyl": 148.68750151182726, "vz_cyl": 202.62687391681183, "r_cyl": 3.9505952449544135, "phi_cyl": 1.7716570546739587, "z_cyl": 6.918111832480883, "vx_cart": 189.79648956443285, "vy_cart": 164.82386814590873, "vz_cart": 202.62687391681183, "x_cart": 5.889037229732847, "y_cart": 5.113908989181709, "z_cart": 6.918111832480883, "cluster_id": 14.18006620426686, "mgfe": 0.08025957643985748, "jrstar": 996.1382595094516, "jzstar": 541.8449605824925, "jphistar": 1634.941552590622, "estar": 42343.46269006728, "pstar": 41980.45103549803, "kstar": 35441.2760682835, "lxstar": 878.4253269674244, "lystar": 871.8987824767848, "lzstar": 1634.941552590622, "apostar": 15.25079202559689, "peristar": 3.730845349820313, "eccstar": 0.2026833513701878, "zmaxstar": 8.571592794940734, "thetarstar": 2.344577254172215, "thetazstar": 1.7580092830690515, "thetaphistar": 1.8480873107650926, "omegarstar": 55.96318733039794, "omegazstar": 44.50498589064124, "omegaphistar": 41.67232811226552, "sundist": 4.898473559961146, "rstar": 4.100176270401573, "s_jzrstar": 1081.8821912183457, "a_jzrstar": 1183.7675916576345, "c_lzstar": 21255371796597.74, "c_lxstar": 13745634984871.693, "c_lystar": 13781566051448.316, "c_jzstar": 8579799917245.156, "c_jrstar": 8374530248093.743}}