{"mean": {"Unnamed: 0.2": 338929.8020181729, "Unnamed: 0": 338929.8020181729, "Unnamed: 0.1": 338929.8020181729, "feH": -1.5039777755737305, "id_stars": 8072538.710830896, "radial_distance_stars": 8.222474743686304, "redshift_stars": 2.062722498958856, "snap_list_stars": 243.0916192220823, "star_mass": 4904.75161471696, "subhalo_mass_stars": 41321314719.49407, "subhalo_stellar_mass_stars": 1114190643.0913396, "vphistar": 46.68802786988232, "vrstar": 0.3998061872618633, "vthetastar": 0.9682519324061434, "vxstar": 13.380516674957615, "vystar": -9.744526636348768, "vzstar": -1.3214863857341421, "xstar": -0.03878221412495612, "ystar": -0.10678346844950766, "zstar": -0.10842546642698662, "subhalo_infall_mass_stars": 41322660639.613976, "subhalo_infall_stellar_mass_stars": 1114190643.0910468, "form_scalefactor": 0.3294280877000323, "form_time": 3.5424455831589805, "vr_cyl": 2.075747191334273, "vphi_cyl": -1.0306119092462365, "vz_cyl": 15.827712626750003, "r_cyl": 6.108426978674437, "phi_cyl": 3.3000426999256223, "z_cyl": -0.018048515816725084, "vx_cart": 8.205432727228944, "vy_cart": -3.2450170694757694, "vz_cart": 15.827712626750003, "x_cart": 0.16212260391132394, "y_cart": 0.02501392799615934, "z_cart": -0.018048515816725084, "cluster_id": 78.4501649718455, "mgfe": 0.3111509084701538, "jrstar": 1200.5833177259062, "jzstar": 573.2141149076667, "jphistar": 392.25802462570283, "estar": -153368.9127908329, "pstar": -204835.689782533, "kstar": 51466.77699170008, "lxstar": -22.03569590363342, "lystar": -45.37013358996297, "lzstar": 392.25802462570283, "apostar": 21.165874071187524, "peristar": 2.76659042787424, "eccstar": 0.7302290552069263, "zmaxstar": 11.12136782818403, "rstar": 8.222474743686304, "s_jzrstar": -627.3692028182394, "a_jzrstar": 1773.7974326335732, "c_lzstar": 3956369237820.413, "c_lxstar": -242103674055.33038, "c_lystar": -310290367951.91425, "c_jzstar": 10557818247142.324, "c_jrstar": 16308510312653.19}, "std": {"Unnamed: 0.2": 93636.65902019621, "Unnamed: 0": 93636.65902019621, "Unnamed: 0.1": 93636.65902019621, "feH": 0.559653103351593, "id_stars": 4299819.166603997, "radial_distance_stars": 4.448160407837362, "redshift_stars": 1.770722005885292, "snap_list_stars": 140.77013592725172, "star_mass": 357.3856148407731, "subhalo_mass_stars": 31406276535.840607, "subhalo_stellar_mass_stars": 972345246.5478715, "vphistar": 171.99617329465332, "vrstar": 217.32801115087025, "vthetastar": 154.72083438256823, "vxstar": 188.27416271614678, "vystar": 202.363554559094, "vzstar": 162.0482800618989, "xstar": 5.783974174668075, "ystar": 5.82549586402751, "zstar": 4.4698769287694775, "subhalo_infall_mass_stars": 31404594732.575115, "subhalo_infall_stellar_mass_stars": 972345246.5482063, "form_scalefactor": 0.17814100978504427, "form_time": 2.6047689219935997, "vr_cyl": 199.60019903853325, "vphi_cyl": 161.4598971983671, "vz_cyl": 191.88737476529306, "r_cyl": 3.9546965438668944, "phi_cyl": 1.8487641350141275, "z_cyl": 5.868983556985891, "vx_cart": 190.26080994215934, "vy_cart": 172.15653830951527, "vz_cart": 191.88737476529306, "x_cart": 5.4090355186031385, "y_cart": 4.864969705051343, "z_cart": 5.868983556985891, "cluster_id": 23.62631963035807, "mgfe": 0.09715470671653748, "jrstar": 1293.0052861386355, "jzstar": 624.8158070239591, "jphistar": 1230.9460191422475, "estar": 55731.303963858416, "pstar": 51130.92287728711, "kstar": 39134.89980637606, "lxstar": 965.8069261395062, "lystar": 933.7110355247307, "lzstar": 1230.9460191422472, "apostar": 19.99544135890925, "peristar": 2.779140778968482, "eccstar": 0.19199375997496324, "zmaxstar": 10.496949589007418, "rstar": 4.448160407837362, "s_jzrstar": 1348.1103021606448, "a_jzrstar": 1518.918542446318, "c_lzstar": 16891926839065.969, "c_lxstar": 15110703587449.016, "c_lystar": 14983609277868.092, "c_jzstar": 9043932253499.303, "c_jrstar": 8581956162357.291}}