{"mean": {"Unnamed: 0.2": 230300.0, "Unnamed: 0": 230300.0, "Unnamed: 0.1": 230300.0, "feH": -1.1835817098617554, "id_stars": 8597773.4773611, "radial_distance_stars": 9.629432988674267, "redshift_stars": 1.1302387134172964, "snap_list_stars": 349.90741010115045, "star_mass": 5065.461047131784, "subhalo_mass_stars": 17529405040.74336, "subhalo_stellar_mass_stars": 1378962457.2726793, "vphistar": 100.16393355187584, "vrstar": 5.478388717701048, "vthetastar": 4.24819739119388, "vxstar": -18.09875376508262, "vystar": 4.280820639769812, "vzstar": -5.797706341339303, "xstar": 0.3479542100036996, "ystar": 0.7893822050259701, "zstar": -0.200047805557737, "subhalo_infall_mass_stars": 17581436827.517902, "subhalo_infall_stellar_mass_stars": 1378974452.0534954, "form_scalefactor": 0.45670753595400565, "form_time": 5.461363121070242, "vr_cyl": 7.996650269654146, "vphi_cyl": -6.288552492883895, "vz_cyl": -17.919672039568553, "r_cyl": 6.785549112851623, "phi_cyl": 3.261382277908947, "z_cyl": 0.16994656771080863, "vx_cart": 4.599359579252412, "vy_cart": 4.225032037680233, "vz_cart": -17.919672039568553, "x_cart": -0.5977036144092593, "y_cart": 0.6152744991736944, "z_cart": 0.16994656771080863, "cluster_id": 178.57922800862352, "mgfe": 0.2908327579498291, "jrstar": 1124.2138332249197, "jzstar": 477.3129206726141, "jphistar": 1042.2842493512512, "estar": -137623.85301793308, "pstar": -190001.7718941998, "kstar": 52377.91887626677, "lxstar": -24.264918795677715, "lystar": 40.4318762141109, "lzstar": 1042.2842493512512, "apostar": 22.387153739070243, "peristar": 4.100704181508126, "eccstar": 0.6979083772529979, "zmaxstar": 9.877423434202717, "thetarstar": 3.0690298825156135, "thetazstar": 3.263237752246433, "thetaphistar": 2.931902980469159, "omegarstar": 43.27656244939843, "omegazstar": 36.23036300597733, "omegaphistar": 4.983248934236534, "rstar": 9.629432988674267, "s_jzrstar": -646.9009125523056, "a_jzrstar": 1601.5267538975334, "c_lzstar": 11763674914384.906, "c_lxstar": -124894899739.58884, "c_lystar": 649015884668.7859, "c_jzstar": 8476188559275.734, "c_jrstar": 16043961296369.752}, "std": {"Unnamed: 0.2": 132964.05566919205, "Unnamed: 0": 132964.05566919205, "Unnamed: 0.1": 132964.05566919205, "feH": 0.5792940258979797, "id_stars": 4194074.919257207, "radial_distance_stars": 4.0990852097301875, "redshift_stars": 1.439305803536672, "snap_list_stars": 154.44162629167278, "star_mass": 606.1303070361203, "subhalo_mass_stars": 28577598004.736156, "subhalo_stellar_mass_stars": 848297936.416014, "vphistar": 182.06624833273852, "vrstar": 208.23299516942163, "vthetastar": 134.78080419900562, "vxstar": 199.5778398500734, "vystar": 209.94310827628874, "vzstar": 143.0696025317157, "xstar": 6.864129805847086, "ystar": 6.584071530379673, "zstar": 4.275276342991543, "subhalo_infall_mass_stars": 28550408638.223843, "subhalo_infall_stellar_mass_stars": 848279159.8386368, "form_scalefactor": 0.22081795579175745, "form_time": 3.359081121403475, "vr_cyl": 202.5734147667768, "vphi_cyl": 148.99145184967156, "vz_cyl": 202.67561760637088, "r_cyl": 3.9510040769972994, "phi_cyl": 1.7721302222991482, "z_cyl": 6.915630610178412, "vx_cart": 189.9011379223969, "vy_cart": 165.03480301375737, "vz_cart": 202.67561760637088, "x_cart": 5.891704320063577, "y_cart": 5.119191133792869, "z_cart": 6.915630610178412, "cluster_id": 63.78539468405519, "mgfe": 0.08120362460613251, "jrstar": 1005.3844555410889, "jzstar": 547.8738939420131, "jphistar": 1636.9646175931493, "estar": 42381.38156000114, "pstar": 41948.91500247182, "kstar": 35470.11311799431, "lxstar": 884.3484777918675, "lystar": 877.5594675411276, "lzstar": 1636.9646175931491, "apostar": 15.40550538807573, "peristar": 3.734289090022982, "eccstar": 0.20269578018725545, "zmaxstar": 8.681071394324437, "thetarstar": 2.3455758650445078, "thetazstar": 1.7582126855856512, "thetaphistar": 1.8481650154716522, "omegarstar": 55.888603078507565, "omegazstar": 44.449620135462126, "omegaphistar": 41.619509649869144, "rstar": 4.0990852097301875, "s_jzrstar": 1089.5038533462534, "a_jzrstar": 1197.8767748634823, "c_lzstar": 21253984326221.11, "c_lxstar": 13767172308857.129, "c_lystar": 13799769910842.346, "c_jzstar": 8595908307678.052, "c_jrstar": 8372505718690.511}}