{"mean": {"Unnamed: 0.2": 338918.594125074, "Unnamed: 0": 338918.594125074, "Unnamed: 0.1": 338918.594125074, "feH": -1.5002187490463257, "id_stars": 8069646.354507306, "radial_distance_stars": 8.205185035971777, "redshift_stars": 2.0620048901543906, "snap_list_stars": 243.30097601098078, "star_mass": 4904.748145509245, "subhalo_mass_stars": 41394832018.20361, "subhalo_stellar_mass_stars": 1119511893.0824764, "vphistar": 46.57769367558184, "vrstar": 0.43992997564752107, "vthetastar": 0.9603800990728414, "vxstar": 13.402954903046, "vystar": -9.75412038379248, "vzstar": -1.2795010327521767, "xstar": -0.0404508579524167, "ystar": -0.10720121003057213, "zstar": -0.10420998554473893, "subhalo_infall_mass_stars": 41395417165.503845, "subhalo_infall_stellar_mass_stars": 1119511893.0824764, "form_scalefactor": 0.3297899413310055, "form_time": 3.5481797520157, "vr_cyl": 2.089514507298843, "vphi_cyl": -0.9653966458003825, "vz_cyl": 15.851790884869581, "r_cyl": 6.094268276985779, "phi_cyl": 3.3019386509363655, "z_cyl": -0.01957905277508461, "vx_cart": 8.186913934918199, "vy_cart": -3.282906073161796, "vz_cart": 15.851790884869581, "x_cart": 0.16050874175859997, "y_cart": 0.02104124296634884, "z_cart": -0.01957905277508461, "cluster_id": 17.34091754462251, "mgfe": 0.31117168068885803, "jrstar": 1191.8576394089155, "jzstar": 569.0198485444173, "jphistar": 390.77416818486734, "estar": -153725.15548482208, "pstar": -205025.9548229854, "kstar": 51300.79933816329, "lxstar": -21.562283407891623, "lystar": -44.42957138374956, "lzstar": 390.77416818486734, "apostar": 20.99581597480931, "peristar": 2.742126315739769, "eccstar": 0.7303276064774031, "zmaxstar": 11.036433648392626, "rstar": 8.205185035971777, "s_jzrstar": -622.8377908644983, "a_jzrstar": 1760.8774879533325, "c_lzstar": 3954639155768.8037, "c_lxstar": -237981228493.22037, "c_lystar": -306278414826.1921, "c_jzstar": 10557764682404.64, "c_jrstar": 16308281200360.041}, "std": {"Unnamed: 0.2": 93663.06133461141, "Unnamed: 0": 93663.06133461141, "Unnamed: 0.1": 93663.06133461141, "feH": 0.5571024417877197, "id_stars": 4300797.6741687, "radial_distance_stars": 4.448471100211808, "redshift_stars": 1.770159291665319, "snap_list_stars": 140.96019455727935, "star_mass": 357.92910585258335, "subhalo_mass_stars": 31276163832.8949, "subhalo_stellar_mass_stars": 972402371.9620857, "vphistar": 171.46369921363814, "vrstar": 217.226715834249, "vthetastar": 154.41423189290657, "vxstar": 187.94520872170898, "vystar": 202.03847545803288, "vzstar": 161.80924708429447, "xstar": 5.776076358791594, "ystar": 5.818435686097107, "zstar": 4.457882521521519, "subhalo_infall_mass_stars": 31275425819.409477, "subhalo_infall_stellar_mass_stars": 972402371.9620857, "form_scalefactor": 0.17842249721448508, "form_time": 2.6091965454837927, "vr_cyl": 199.39957011910565, "vphi_cyl": 161.06430657247168, "vz_cyl": 191.56144051165677, "r_cyl": 3.951726979861517, "phi_cyl": 1.848459653514419, "z_cyl": 5.861732593858905, "vx_cart": 189.98717873244323, "vy_cart": 171.8553646485577, "vz_cart": 191.56144051165677, "x_cart": 5.4002175375865145, "y_cart": 4.854657218784574, "z_cart": 5.861732593858905, "cluster_id": 5.879546581571422, "mgfe": 0.09693098813295364, "jrstar": 1282.8485447664714, "jzstar": 618.5792513440522, "jphistar": 1222.2991062223164, "estar": 55663.050174040574, "pstar": 51192.44724445156, "kstar": 39089.19469758982, "lxstar": 957.6260923414496, "lystar": 926.0802613643116, "lzstar": 1222.2991062223164, "apostar": 19.80259147968285, "peristar": 2.7527214798731485, "eccstar": 0.19202192121668027, "zmaxstar": 10.380215053867163, "rstar": 4.448471100211809, "s_jzrstar": 1340.245881672642, "a_jzrstar": 1503.4700976957158, "c_lzstar": 16884328000981.412, "c_lxstar": 15106172430445.314, "c_lystar": 14983643063674.28, "c_jzstar": 9040340534461.72, "c_jrstar": 8589656166060.0}}