{"mean": {"Unnamed: 0": 79773.43064169523, "feH": -1.834105372428894, "id_stars": 7328424.205830749, "radial_distance_stars": 7.500465353244988, "redshift_stars": 2.428698534966746, "snap_list_stars": 158.88838338501714, "star_mass": 4839.358858420656, "subhalo_mass_stars": 15468235158.501932, "subhalo_peak_mass": 29582987982.42098, "subhalo_stellar_mass_stars": 277910608.59792805, "vphistar": 6.680938903211442, "vrstar": 0.28383477013234887, "vthetastar": 0.11633390631528938, "vxstar": -2.7615681834917067, "vystar": 4.166766193155094, "vzstar": 0.17841747217652965, "xstar": 0.042891502758447934, "ystar": -0.025443604543380575, "zstar": 0.049638607712398024, "cluster_id": 30.975627006147654, "mgfe": 0.33365097641944885, "jrstar": 635.7658864896977, "jzstar": 466.8418668907491, "jphistar": 60.78088816308948, "estar": -132333.0042625881, "pstar": -168400.83386187427, "kstar": 36067.82959928616, "lxstar": -51.48782932817127, "lystar": -11.929528138821123, "lzstar": 60.780888163089465, "apostar": 14.14534579358817, "peristar": 2.7299371345490524, "eccstar": 0.6656236504819183, "zmaxstar": 8.233210694288749, "rstar": 7.500465353244988, "s_jzrstar": -168.9240195989487, "a_jzrstar": 1102.6077533804466, "c_lzstar": 343021651745.61664, "c_lxstar": -312411434057.15796, "c_lystar": 50103819933.74452, "c_jzstar": 6694102277499.723, "c_jrstar": 7535284228822.32}, "std": {"Unnamed: 0": 48073.54581784355, "feH": 0.517048180103302, "id_stars": 4046118.835523935, "radial_distance_stars": 4.2879437592192975, "redshift_stars": 0.7982926728150596, "snap_list_stars": 59.80176452852194, "star_mass": 274.87075181735037, "subhalo_mass_stars": 12149261207.612957, "subhalo_peak_mass": 15859655878.362621, "subhalo_stellar_mass_stars": 197948947.3434863, "vphistar": 155.4310470683095, "vrstar": 169.79710202255663, "vthetastar": 138.20659871482218, "vxstar": 162.89312834268628, "vystar": 157.63263466306972, "vzstar": 143.9736795193822, "xstar": 5.359479720303356, "ystar": 5.2861393085199415, "zstar": 4.239245155288483, "cluster_id": 12.04594650976762, "mgfe": 0.1275787651538849, "jrstar": 647.6667634423274, "jzstar": 459.3694954720351, "jphistar": 1066.9346925748498, "estar": 42686.73249128535, "pstar": 45816.919838763344, "kstar": 29208.875911327832, "lxstar": 709.7378660099049, "lystar": 794.8301572649204, "lzstar": 1066.9346925748498, "apostar": 11.745477235187195, "peristar": 2.7888866978787945, "eccstar": 0.21251268942757293, "zmaxstar": 6.822250139698452, "rstar": 4.2879437592192975, "s_jzrstar": 770.9312575311139, "a_jzrstar": 816.4864578409605, "c_lzstar": 10704476245451.863, "c_lxstar": 9113441475917.432, "c_lystar": 9268637251061.375, "c_jzstar": 5360197752893.726, "c_jrstar": 4533573201006.59}}