{"mean": {"Unnamed: 0.2": 86475.38597208195, "Unnamed: 0": 86475.38597208195, "Unnamed: 0.1": 86475.38597208195, "feH": -1.731708288192749, "id_stars": 7351580.86180504, "radial_distance_stars": 8.277779226697282, "redshift_stars": 2.188871096954527, "snap_list_stars": 177.0545750699119, "star_mass": 4853.648869755655, "subhalo_mass_stars": 19018831231.86503, "subhalo_stellar_mass_stars": 390259768.09161365, "vphistar": -12.172778205753318, "vrstar": 0.44629043551246367, "vthetastar": -1.978936341746841, "vxstar": -4.546367588698977, "vystar": 7.676044509481912, "vzstar": 2.4339958935794614, "xstar": 0.047454339880040934, "ystar": -0.10461104863483324, "zstar": 0.0006366065399376068, "subhalo_infall_mass_stars": 19215621990.81579, "subhalo_infall_stellar_mass_stars": 390805749.71557677, "form_scalefactor": 0.2691635917961141, "form_time": 2.5405023372451776, "vr_cyl": 0.23006230161146488, "vphi_cyl": 10.277193444407338, "vz_cyl": 1.9685955703140983, "r_cyl": 7.0442241230521585, "phi_cyl": 3.164343488197664, "z_cyl": -0.04825176625559983, "vx_cart": -8.88276440511853, "vy_cart": 1.3986827910543604, "vz_cart": 1.9685955703140983, "x_cart": 0.0950692377326608, "y_cart": -0.03697722247663186, "z_cart": -0.04825176625559983, "cluster_id": 22.3998143466813, "mgfe": 0.32600703835487366, "jrstar": 668.6110954687169, "jzstar": 474.298335961902, "jphistar": -112.72746682881885, "estar": -121378.87600944098, "pstar": -161589.44310495126, "kstar": 40210.567095510276, "lxstar": -39.516942362028885, "lystar": -30.96768859348486, "lzstar": -112.72746682881889, "apostar": 18.429226425657003, "peristar": 3.40437060948514, "eccstar": 0.6772269532009103, "zmaxstar": 9.396893999622652, "thetarstar": 3.138893490224658, "thetazstar": 3.1355393993618117, "thetaphistar": 3.1379666043269325, "omegarstar": 68.39018592621058, "omegazstar": 56.37441540190762, "omegaphistar": -1.4198991047720622, "rstar": 8.277779226697282, "s_jzrstar": -194.31275950681504, "a_jzrstar": 1142.909431430619, "c_lzstar": -1140811014071.2163, "c_lxstar": -217698442012.59323, "c_lystar": 90162085704.70789, "c_jzstar": 5905686702407.559, "c_jrstar": 7128263213697.554}, "std": {"Unnamed: 0.2": 49939.862306570714, "Unnamed: 0": 49939.862306570714, "Unnamed: 0.1": 49939.862306570714, "feH": 0.5537846684455872, "id_stars": 4066461.5219188994, "radial_distance_stars": 4.36850199192652, "redshift_stars": 0.8938075559157195, "snap_list_stars": 68.06987479243476, "star_mass": 283.2030180160836, "subhalo_mass_stars": 19126482142.96056, "subhalo_stellar_mass_stars": 218223644.07250562, "vphistar": 174.57168474087277, "vrstar": 178.13728772473976, "vthetastar": 134.3900142744938, "vxstar": 177.86459101094513, "vystar": 169.95689694809374, "vzstar": 140.76384188324693, "xstar": 5.988271776347441, "ystar": 5.7733778066568, "zstar": 4.2896331570977715, "subhalo_infall_mass_stars": 19076340816.797363, "subhalo_infall_stellar_mass_stars": 217521641.5944471, "form_scalefactor": 0.08715587095131413, "form_time": 1.2062747436066235, "vr_cyl": 171.16376584153068, "vphi_cyl": 174.63850949429252, "vz_cyl": 143.2311467328451, "r_cyl": 4.234518555526517, "phi_cyl": 1.817269691327919, "z_cyl": 4.477766434026639, "vx_cart": 168.36133353796382, "vy_cart": 177.41172147969252, "vz_cart": 143.2311467328451, "x_cart": 5.637599213443386, "y_cart": 5.9799089062063215, "z_cart": 4.477766434026639, "cluster_id": 9.398861861750921, "mgfe": 0.12552787363529205, "jrstar": 545.7907729333507, "jzstar": 479.5948033247159, "jphistar": 1396.9601995052612, "estar": 44102.01603124366, "pstar": 44285.86270004807, "kstar": 29920.627624905257, "lxstar": 743.284739548141, "lystar": 916.8271382492571, "lzstar": 1396.9601995052612, "apostar": 15.443896327739129, "peristar": 3.2783816262705865, "eccstar": 0.1984642490148104, "zmaxstar": 7.99754359091403, "thetarstar": 2.0770981568722537, "thetazstar": 1.8184101708988445, "thetaphistar": 1.817243617049595, "omegarstar": 75.09027528790126, "omegazstar": 60.34788268869838, "omegaphistar": 60.017175895703986, "rstar": 4.368501991926519, "s_jzrstar": 731.5887416946516, "a_jzrstar": 721.50911249696, "c_lzstar": 11081223517211.328, "c_lxstar": 8422420657243.304, "c_lystar": 8714488202492.647, "c_jzstar": 5247582478329.381, "c_jrstar": 4329790844198.7837}}