{"mean": {"Unnamed: 0": 81355.29705646518, "feH": -1.8516241312026978, "id_stars": 7327035.411312434, "radial_distance_stars": 7.608745279973497, "redshift_stars": 2.4017873933050105, "snap_list_stars": 161.8837976255141, "star_mass": 4840.035741830587, "subhalo_mass_stars": 14754022561.36968, "subhalo_peak_mass": 28567901700.660316, "subhalo_stellar_mass_stars": 265929426.69649962, "vphistar": 4.916569947289973, "vrstar": 0.19275252386657418, "vthetastar": -0.16072632092488698, "vxstar": -3.1920790939853854, "vystar": 5.049285020591372, "vzstar": 0.3876669447717078, "xstar": 0.01820040912270085, "ystar": -0.05340341981317165, "zstar": 0.027899519499887115, "cluster_id": 133.2349848684721, "mgfe": 0.3315235674381256, "jrstar": 671.2899500923289, "jzstar": 487.5939472152075, "jphistar": 37.64048179474925, "estar": -130779.02263011067, "pstar": -167458.27446994616, "kstar": 36679.25183983546, "lxstar": -47.812103198654654, "lystar": -2.133317281010448, "lzstar": 37.64048179474924, "apostar": 14.978137897190281, "peristar": 2.8749312353028404, "eccstar": 0.6649778870967062, "zmaxstar": 8.686237843462509, "rstar": 7.608745279973497, "s_jzrstar": -183.69600287712146, "a_jzrstar": 1158.8838973075365, "c_lzstar": 251224101003.39786, "c_lxstar": -327267321763.6971, "c_lystar": 80676632666.80347, "c_jzstar": 6714968223005.368, "c_jrstar": 7520188698868.341}, "std": {"Unnamed: 0": 49227.47359811444, "feH": 0.5325852036476135, "id_stars": 4049605.453272469, "radial_distance_stars": 4.318749831180052, "redshift_stars": 0.8248792120695876, "snap_list_stars": 64.78852550361151, "star_mass": 275.6524169758767, "subhalo_mass_stars": 12300257945.494837, "subhalo_peak_mass": 16335414286.603518, "subhalo_stellar_mass_stars": 200735580.38817143, "vphistar": 157.44460618138862, "vrstar": 170.3567532651604, "vthetastar": 139.72845327392955, "vxstar": 164.2618910778324, "vystar": 158.98502948060735, "vzstar": 145.13600616812556, "xstar": 5.439058033929996, "ystar": 5.321807307166505, "zstar": 4.31690374753007, "cluster_id": 28.850241980923347, "mgfe": 0.13059106469154358, "jrstar": 752.3326797979272, "jzstar": 490.86154298767025, "jphistar": 1116.5908548502312, "estar": 43314.94679511856, "pstar": 45729.29222300254, "kstar": 29409.251628590308, "lxstar": 744.6253678456526, "lystar": 840.5702703069443, "lzstar": 1116.5908548502312, "apostar": 13.60956658995845, "peristar": 2.976872861762906, "eccstar": 0.21181833437883202, "zmaxstar": 7.770680769978197, "rstar": 4.318749831180052, "s_jzrstar": 865.2971626498528, "a_jzrstar": 930.1396944881172, "c_lzstar": 10675976779750.047, "c_lxstar": 9124161133162.299, "c_lystar": 9285699759949.205, "c_jzstar": 5382788500273.856, "c_jrstar": 4513273005385.835}}