{"mean": {"Unnamed: 0.2": 86560.49597476325, "Unnamed: 0": 86560.49597476325, "Unnamed: 0.1": 86560.49597476325, "feH": -1.7228108644485474, "id_stars": 7351729.193604942, "radial_distance_stars": 8.266774971676153, "redshift_stars": 2.1930444018262047, "snap_list_stars": 176.57164921403526, "star_mass": 4853.6819541059085, "subhalo_mass_stars": 19417818417.655605, "subhalo_stellar_mass_stars": 398460584.1139858, "vphistar": -12.365575982582197, "vrstar": 0.313071300157995, "vthetastar": -2.0488857830340192, "vxstar": -4.837130238556423, "vystar": 7.771683565294475, "vzstar": 2.5166049665707058, "xstar": 0.049948558502240094, "ystar": -0.10228484189762757, "zstar": -0.004589823240266693, "subhalo_infall_mass_stars": 19486692676.65234, "subhalo_infall_stellar_mass_stars": 398460584.1078465, "form_scalefactor": 0.2698270280041803, "form_time": 2.548697966668133, "vr_cyl": 0.1191128049210038, "vphi_cyl": 10.291450901140381, "vz_cyl": 1.91791221079921, "r_cyl": 7.039806623049526, "phi_cyl": 3.164159812112176, "z_cyl": -0.04235033430947084, "vx_cart": -9.060987678047, "vy_cart": 1.6559407254267549, "vz_cart": 1.91791221079921, "x_cart": 0.09615090285125198, "y_cart": -0.038698299580200136, "z_cart": -0.04235033430947084, "cluster_id": 14.09867495169716, "mgfe": 0.3264159858226776, "jrstar": 811.5683628815538, "jzstar": 467.3360657270155, "jphistar": -114.84526704867825, "estar": -121688.04393001083, "pstar": -161764.00707320034, "kstar": 40075.96314318953, "lxstar": -39.83881388313351, "lystar": -32.80420548396937, "lzstar": -114.84526704867825, "apostar": 18.196702208751802, "peristar": 3.397529540985248, "eccstar": 0.6768353118338807, "zmaxstar": 9.261416404979613, "rstar": 8.266774971676153, "s_jzrstar": -344.23229715453806, "a_jzrstar": 1278.9044286085693, "c_lzstar": -1147995074481.97, "c_lxstar": -219175110602.20166, "c_lystar": 94729412136.52768, "c_jzstar": 5842212760090.502, "c_jrstar": 7879181112943.369}, "std": {"Unnamed: 0.2": 50002.969875796676, "Unnamed: 0": 50002.969875796676, "Unnamed: 0.1": 50002.969875796676, "feH": 0.5469301342964172, "id_stars": 4064678.5618022466, "radial_distance_stars": 4.376085488686039, "redshift_stars": 0.8940703066284577, "snap_list_stars": 67.00149135184783, "star_mass": 283.2536670910467, "subhalo_mass_stars": 19133181157.71195, "subhalo_stellar_mass_stars": 213159669.3951395, "vphistar": 174.68155907492329, "vrstar": 177.54528952196816, "vthetastar": 134.0102458335615, "vxstar": 177.19501225133632, "vystar": 170.05712527160574, "vzstar": 140.51440448951712, "xstar": 5.9824393705159515, "ystar": 5.77848165388478, "zstar": 4.277415513669639, "subhalo_infall_mass_stars": 19084571712.509785, "subhalo_infall_stellar_mass_stars": 213159669.40643644, "form_scalefactor": 0.08679678988138498, "form_time": 1.202008834359976, "vr_cyl": 170.4356007642723, "vphi_cyl": 174.84607778037375, "vz_cyl": 142.90299828403664, "r_cyl": 4.240752451650656, "phi_cyl": 1.817503104563686, "z_cyl": 4.465935464231408, "vx_cart": 168.445090977407, "vy_cart": 176.82415207768048, "vz_cart": 142.90299828403664, "x_cart": 5.642294123836976, "y_cart": 5.9746659414329, "z_cart": 4.465935464231408, "cluster_id": 8.715012796609784, "mgfe": 0.1243278831243515, "jrstar": 734.0869546457262, "jzstar": 476.13839157122396, "jphistar": 1400.5723482109538, "estar": 44154.35435396556, "pstar": 44437.55403538946, "kstar": 29739.922106742644, "lxstar": 742.13088908069, "lystar": 912.5830443920362, "lzstar": 1400.5723482109538, "apostar": 14.635928144292984, "peristar": 3.279149597563656, "eccstar": 0.19815509463129105, "zmaxstar": 7.504943177629993, "rstar": 4.376085488686039, "s_jzrstar": 845.6817278031082, "a_jzrstar": 903.3300975159008, "c_lzstar": 11099864717918.9, "c_lxstar": 8413835899362.092, "c_lystar": 8709612887689.834, "c_jzstar": 5185045788449.091, "c_jrstar": 4358049587733.903}}