{"mean": {"Unnamed: 0": 79757.56824232546, "feH": -1.8346660137176514, "id_stars": 7328887.6865186095, "radial_distance_stars": 7.503628295847232, "redshift_stars": 2.4293110955014265, "snap_list_stars": 158.8641537625645, "star_mass": 4839.434402726215, "subhalo_mass_stars": 15477498014.511274, "subhalo_peak_mass": 29574742707.75376, "subhalo_stellar_mass_stars": 277714859.8601229, "vphistar": 6.635456333984538, "vrstar": 0.2641106062847792, "vthetastar": 0.08350025012904991, "vxstar": -2.751249111980146, "vystar": 4.1630599516549385, "vzstar": 0.22234722415614744, "xstar": 0.04251600471014748, "ystar": -0.024990703404610237, "zstar": 0.04920780318193818, "cluster_id": 84.8741306710133, "mgfe": 0.33363479375839233, "jrstar": 636.6644027414045, "jzstar": 467.7472507890505, "jphistar": 60.18035671406244, "estar": -132281.12600237373, "pstar": -168368.6056982656, "kstar": 36087.47969589188, "lxstar": -51.61708405177677, "lystar": -11.060010829380088, "lzstar": 60.18035671406244, "apostar": 14.167291135644135, "peristar": 2.7339908408586595, "eccstar": 0.6656126599889219, "zmaxstar": 8.24906921652145, "rstar": 7.503628295847232, "s_jzrstar": -168.91715195235392, "a_jzrstar": 1104.4116535304547, "c_lzstar": 340284344883.65564, "c_lxstar": -313728964883.2133, "c_lystar": 53998449852.38816, "c_jzstar": 6695524545302.036, "c_jrstar": 7535264468885.818}, "std": {"Unnamed: 0": 48085.936880760586, "feH": 0.5176375508308411, "id_stars": 4046020.4297775887, "radial_distance_stars": 4.288218424978614, "redshift_stars": 0.7992059912867178, "snap_list_stars": 59.79902538160903, "star_mass": 274.9125381809535, "subhalo_mass_stars": 12164192256.698978, "subhalo_peak_mass": 15865699390.69563, "subhalo_stellar_mass_stars": 197949711.8662385, "vphistar": 155.46537950304764, "vrstar": 169.81794746006702, "vthetastar": 138.28678136077937, "vxstar": 162.91624276886094, "vystar": 157.65876468075496, "vzstar": 144.0556186862363, "xstar": 5.3612803670639275, "ystar": 5.287108548383024, "zstar": 4.241645592468582, "cluster_id": 25.597428848408196, "mgfe": 0.12765976786613464, "jrstar": 649.15866980636, "jzstar": 460.99773645032724, "jphistar": 1067.5997456068417, "estar": 42702.1158903214, "pstar": 45808.88084252603, "kstar": 29215.24505991324, "lxstar": 710.554963254266, "lystar": 797.0203510180366, "lzstar": 1067.5997456068417, "apostar": 11.77814910062444, "peristar": 2.793532499745507, "eccstar": 0.2125053203250018, "zmaxstar": 6.855298853739278, "rstar": 4.288218424978614, "s_jzrstar": 772.1189298759066, "a_jzrstar": 819.5633845661123, "c_lzstar": 10702948854947.986, "c_lxstar": 9112956767125.012, "c_lystar": 9270675608715.914, "c_jzstar": 5360456589329.82, "c_jrstar": 4533199776191.292}}