{"mean": {"Unnamed: 0.2": 86650.79069366703, "Unnamed: 0": 86650.79069366703, "Unnamed: 0.1": 86650.79069366703, "feH": -1.7249780893325806, "id_stars": 7351218.4313819865, "radial_distance_stars": 8.274199940675569, "redshift_stars": 2.1958995355615176, "snap_list_stars": 176.4636053572914, "star_mass": 4853.812969242967, "subhalo_mass_stars": 19393068057.060146, "subhalo_stellar_mass_stars": 397377879.8642308, "vphistar": -12.222352118687848, "vrstar": 0.3051209710989511, "vthetastar": -2.073032295740491, "vxstar": -4.75112780400628, "vystar": 7.715286515199919, "vzstar": 2.5516721940963936, "xstar": 0.04797851080533931, "ystar": -0.10061936569568448, "zstar": -0.004905293023157702, "subhalo_infall_mass_stars": 19461840486.076225, "subhalo_infall_stellar_mass_stars": 397377900.46773505, "form_scalefactor": 0.2696331038631859, "form_time": 2.5462893250148944, "vr_cyl": 0.09223329118728518, "vphi_cyl": 10.145437704771838, "vz_cyl": 1.8678016827374178, "r_cyl": 7.046189092356264, "phi_cyl": 3.163760872996321, "z_cyl": -0.04142405406539115, "vx_cart": -9.013698041815701, "vy_cart": 1.5719205989828116, "vz_cart": 1.8678016827374178, "x_cart": 0.09451035731446275, "y_cart": -0.0369080375728144, "z_cart": -0.04142405406539115, "cluster_id": 48.18853316220424, "mgfe": 0.3263630270957947, "jrstar": 814.9197520287988, "jzstar": 468.62238670862456, "jphistar": -113.123012554278, "estar": -121565.8178238882, "pstar": -161692.57436020946, "kstar": 40126.75653632123, "lxstar": -40.20672935276871, "lystar": -32.93426246230164, "lzstar": -113.123012554278, "apostar": 18.262216879199116, "peristar": 3.405527254946594, "eccstar": 0.6768873357921935, "zmaxstar": 9.29580061167338, "rstar": 8.274199940675569, "s_jzrstar": -346.2973653201745, "a_jzrstar": 1283.542138737423, "c_lzstar": -1139438564750.968, "c_lxstar": -221199613886.93268, "c_lystar": 93918642886.0335, "c_jzstar": 5841588578734.872, "c_jrstar": 7880821809812.685}, "std": {"Unnamed: 0.2": 50062.33763084561, "Unnamed: 0": 50062.33763084561, "Unnamed: 0.1": 50062.33763084561, "feH": 0.5487467646598816, "id_stars": 4065004.408587992, "radial_distance_stars": 4.3760649336784585, "redshift_stars": 0.8981576743786125, "snap_list_stars": 67.07065276538061, "star_mass": 283.17359839718705, "subhalo_mass_stars": 19118970801.26887, "subhalo_stellar_mass_stars": 213905378.69457301, "vphistar": 174.7781349215683, "vrstar": 177.66716694780237, "vthetastar": 134.11457040099214, "vxstar": 177.29458132809293, "vystar": 170.16822600661223, "vzstar": 140.62115583970103, "xstar": 5.986403807721775, "ystar": 5.7821855170724294, "zstar": 4.281259020772529, "subhalo_infall_mass_stars": 19070466884.974293, "subhalo_infall_stellar_mass_stars": 213905341.4969173, "form_scalefactor": 0.08687833326224781, "form_time": 1.2027321539194735, "vr_cyl": 170.5495514113254, "vphi_cyl": 174.94595832004242, "vz_cyl": 143.01204460186472, "r_cyl": 4.241221077918442, "phi_cyl": 1.8172772251146474, "z_cyl": 4.469163505032155, "vx_cart": 168.54578241813942, "vy_cart": 176.9315623912586, "vz_cart": 143.01204460186472, "x_cart": 5.645994097367528, "y_cart": 5.979062903050438, "z_cart": 4.469163505032155, "cluster_id": 22.539164714311188, "mgfe": 0.12458466738462448, "jrstar": 742.595459004106, "jzstar": 478.3486056240795, "jphistar": 1402.4247596192367, "estar": 44163.158969396216, "pstar": 44408.2168034938, "kstar": 29763.97576302743, "lxstar": 744.0091386760712, "lystar": 915.0105924904209, "lzstar": 1402.4247596192367, "apostar": 14.748823709653212, "peristar": 3.285623996210352, "eccstar": 0.1981801329975092, "zmaxstar": 7.580706751638907, "rstar": 4.3760649336784585, "s_jzrstar": 852.9930556308684, "a_jzrstar": 912.6519903651964, "c_lzstar": 11098146037476.252, "c_lxstar": 8413344454810.702, "c_lystar": 8710198149992.614, "c_jzstar": 5185074297485.466, "c_jrstar": 4357832810171.687}}