{"mean": {"Unnamed: 0.2": 86666.0, "Unnamed: 0": 86666.0, "Unnamed: 0.1": 86666.0, "feH": -1.7422823905944824, "id_stars": 7349790.1503406735, "radial_distance_stars": 8.295583901978498, "redshift_stars": 2.193817904563874, "snap_list_stars": 176.884465162433, "star_mass": 4853.692879757644, "subhalo_mass_stars": 18840077861.903572, "subhalo_stellar_mass_stars": 385997247.3553528, "vphistar": -11.982972463567881, "vrstar": 0.41697641903384935, "vthetastar": -2.1052197985170595, "vxstar": -4.4293818962227265, "vystar": 7.488823983983571, "vzstar": 2.5605176547285557, "xstar": 0.04307197752290395, "ystar": -0.10436842507929377, "zstar": -0.0016967677668763823, "subhalo_infall_mass_stars": 19041129180.503956, "subhalo_infall_stellar_mass_stars": 386542727.9296499, "form_scalefactor": 0.2682206449122671, "form_time": 2.5284828055235913, "vr_cyl": 0.1875121752008738, "vphi_cyl": 10.0830605034738, "vz_cyl": 1.7763535468618092, "r_cyl": 7.055129303058533, "phi_cyl": 3.1634359416883426, "z_cyl": -0.04659212192474872, "vx_cart": -8.763444350497892, "vy_cart": 1.282275536239725, "vz_cart": 1.7763535468618092, "x_cart": 0.0951609191507186, "y_cart": -0.032292779195758105, "z_cart": -0.04659212192474872, "cluster_id": 134.09852134331027, "mgfe": 0.32510077953338623, "jrstar": 671.2477473808539, "jzstar": 479.5404489961899, "jphistar": -110.86407827615345, "estar": -121125.33182811922, "pstar": -161407.96328143874, "kstar": 40282.63145331952, "lxstar": -40.51638774773088, "lystar": -30.584157163299206, "lzstar": -110.86407827615345, "apostar": 18.533275735845212, "peristar": 3.421142181393337, "eccstar": 0.6770215290819561, "zmaxstar": 9.48101772425407, "thetarstar": 3.138842393764368, "thetazstar": 3.135755212599855, "thetaphistar": 3.1376988881853083, "omegarstar": 68.07014462645833, "omegazstar": 56.10639868537703, "omegaphistar": -1.4099307064267956, "rstar": 8.295583901978498, "s_jzrstar": -191.70729838466394, "a_jzrstar": 1150.7881963770435, "c_lzstar": -1129682748898.6067, "c_lxstar": -223247265290.86847, "c_lystar": 88587601575.78288, "c_jzstar": 5923933182485.215, "c_jrstar": 7120364100715.683}, "std": {"Unnamed: 0.2": 50036.92710388998, "Unnamed: 0": 50036.92710388998, "Unnamed: 0.1": 50036.92710388998, "feH": 0.5646132826805115, "id_stars": 4067131.9251536196, "radial_distance_stars": 4.367677668836554, "redshift_stars": 0.900510464020441, "snap_list_stars": 68.26750239583411, "star_mass": 282.8646999801066, "subhalo_mass_stars": 19108208404.478794, "subhalo_stellar_mass_stars": 220799534.809181, "vphistar": 174.5173180628636, "vrstar": 178.2944369193857, "vthetastar": 134.80305987690036, "vxstar": 177.87223375563028, "vystar": 170.04206412863, "vzstar": 141.1742527268712, "xstar": 5.994142034508961, "ystar": 5.778282044561258, "zstar": 4.308397327873777, "subhalo_infall_mass_stars": 19054503256.47412, "subhalo_infall_stellar_mass_stars": 220114298.2925702, "form_scalefactor": 0.0873840991195012, "form_time": 1.207791314708753, "vr_cyl": 171.28248949458168, "vphi_cyl": 174.59651622661735, "vz_cyl": 143.6596992312471, "r_cyl": 4.232581871841083, "phi_cyl": 1.8171524102476653, "z_cyl": 4.494558101113945, "vx_cart": 168.41616200418213, "vy_cart": 177.4285550288496, "vz_cart": 143.6596992312471, "x_cart": 5.6427858017945205, "y_cart": 5.986523929264569, "z_cart": 4.494558101113945, "cluster_id": 26.21667749321323, "mgfe": 0.12763606011867523, "jrstar": 550.5273403326854, "jzstar": 488.66450784480696, "jphistar": 1396.819003975411, "estar": 44068.627608909235, "pstar": 44209.348371201646, "kstar": 29946.243921544705, "lxstar": 748.9244313445881, "lystar": 924.4089987891199, "lzstar": 1396.819003975411, "apostar": 15.57641887759552, "peristar": 3.2901710833402937, "eccstar": 0.19872881999818162, "zmaxstar": 8.137364861084382, "thetarstar": 2.0790180850243125, "thetazstar": 1.8190504391233207, "thetaphistar": 1.8168012099604454, "omegarstar": 74.84115779501172, "omegazstar": 60.162902904864524, "omegaphistar": 59.794682630796395, "rstar": 4.367677668836554, "s_jzrstar": 740.1203781770398, "a_jzrstar": 732.0987181856358, "c_lzstar": 11070235719952.92, "c_lxstar": 8434041959911.439, "c_lystar": 8730923790510.113, "c_jzstar": 5257980256698.578, "c_jrstar": 4329254348050.462}}