{"IoU_TP": 0.6833333333333333, "IoU_T": 29.65, "IoU_P": 40.0, "IoU_precision": 0.01708333333333334, "IoU_recall": 0.023119336603961413, "IoU_F1": 0.01963574279488719, "Mode_TP": 5.933333333333334, "Mode_T": 29.65, "Mode_P": 40.0, "Mode_precision": 0.14833333333333334, "Mode_recall": 0.2008620231391448, "Mode_F1": 0.17050882640864543, "Mode_TP_C": 125.55, "Mode_recall_C": 0.12555000000000002, "Purity": 0.50265, "AMI": 0.18203956526843307, "ARand": 0.0594009525882589}