{"IoU_TP": 1.35, "IoU_T": 29.783333333333335, "IoU_P": 80.0, "IoU_precision": 0.016874999999999998, "IoU_recall": 0.044784531011534325, "IoU_F1": 0.024490687690012256, "Mode_TP": 7.366666666666666, "Mode_T": 29.783333333333335, "Mode_P": 80.0, "Mode_precision": 0.09208333333333335, "Mode_recall": 0.24731422021135263, "Mode_F1": 0.13409847259860336, "Mode_TP_C": 90.16666666666667, "Mode_recall_C": 0.09016666666666667, "Purity": 0.5220000000000001, "AMI": 0.15608319768868298, "ARand": 0.03784051512496}