{"IoU_TP": 1.9166666666666667, "IoU_T": 30.583333333333332, "IoU_P": 120.0, "IoU_precision": 0.015972222222222228, "IoU_recall": 0.06252743962289836, "IoU_F1": 0.02543318855705853, "Mode_TP": 8.516666666666667, "Mode_T": 30.583333333333332, "Mode_P": 120.0, "Mode_precision": 0.07097222222222226, "Mode_recall": 0.2791090176398745, "Mode_F1": 0.11311557183614997, "Mode_TP_C": 84.35, "Mode_recall_C": 0.08435, "Purity": 0.5409166666666668, "AMI": 0.1440762871942206, "ARand": 0.03308328270210019}