{"IoU_TP": 0.7166666666666667, "IoU_T": 30.0, "IoU_P": 50.0, "IoU_precision": 0.01433333333333334, "IoU_recall": 0.023605363393901586, "IoU_F1": 0.017824997742109848, "Mode_TP": 6.066666666666666, "Mode_T": 30.0, "Mode_P": 50.0, "Mode_precision": 0.12133333333333333, "Mode_recall": 0.20233132278877544, "Mode_F1": 0.15160306693140818, "Mode_TP_C": 108.3, "Mode_recall_C": 0.10830000000000002, "Purity": 0.5090166666666667, "AMI": 0.1730502220602555, "ARand": 0.04952710086992145}