{"IoU_TP": 0.35, "IoU_T": 30.333333333333332, "IoU_P": 20.0, "IoU_precision": 0.017500000000000005, "IoU_recall": 0.01154601643721499, "IoU_F1": 0.01390535420747883, "Mode_TP": 5.0, "Mode_T": 30.333333333333332, "Mode_P": 20.0, "Mode_precision": 0.24999999999999997, "Mode_recall": 0.1649281716271386, "Mode_F1": 0.19858546018203035, "Mode_TP_C": 186.43333333333334, "Mode_recall_C": 0.1864333333333333, "Purity": 0.49084999999999984, "AMI": 0.19974462314414157, "ARand": 0.08708744806770072}