{"IoU_TP": 0.4166666666666667, "IoU_T": 30.1, "IoU_P": 30.0, "IoU_precision": 0.013888888888888888, "IoU_recall": 0.013950032418933047, "IoU_F1": 0.013913345435583372, "Mode_TP": 5.35, "Mode_T": 30.1, "Mode_P": 30.0, "Mode_precision": 0.17833333333333326, "Mode_recall": 0.17857137222251235, "Mode_F1": 0.1782701922410676, "Mode_TP_C": 146.55, "Mode_recall_C": 0.14654999999999999, "Purity": 0.49610000000000004, "AMI": 0.18840846108735587, "ARand": 0.06980232346382094}