{"IoU_TP": 3.7333333333333334, "IoU_T": 29.716666666666665, "IoU_P": 200.0, "IoU_precision": 0.018666666666666675, "IoU_recall": 0.1251963357532781, "IoU_F1": 0.032474735380540236, "Mode_TP": 9.866666666666667, "Mode_T": 29.716666666666665, "Mode_P": 200.0, "Mode_precision": 0.049333333333333326, "Mode_recall": 0.3305733028487779, "Mode_F1": 0.0858153648554613, "Mode_TP_C": 85.78333333333333, "Mode_recall_C": 0.08578333333333335, "Purity": 0.5589999999999999, "AMI": 0.12984604083304457, "ARand": 0.03719910109700324}