{"IoU_TP": 0.3333333333333333, "IoU_T": 30.116666666666667, "IoU_P": 10.0, "IoU_precision": 0.03333333333333334, "IoU_recall": 0.011047977145075771, "IoU_F1": 0.016581541556016884, "Mode_TP": 3.9, "Mode_T": 30.116666666666667, "Mode_P": 10.0, "Mode_precision": 0.39000000000000007, "Mode_recall": 0.12997570909470568, "Mode_F1": 0.1948042737977658, "Mode_TP_C": 248.8, "Mode_recall_C": 0.24880000000000005, "Purity": 0.47131666666666666, "AMI": 0.20827059904723808, "ARand": 0.1122158539480517}