{"2": {"IoU_TP": 0.0, "IoU_T": 135.0, "IoU_P": 2.0, "IoU_precision": 0.0, "IoU_recall": 0.0, "IoU_F1": 0.0, "Mode_TP": 1.55, "Mode_T": 135.0, "Mode_P": 2.0, "Mode_precision": 0.775, "Mode_recall": 0.011867658601880184, "Mode_F1": 0.023316478169906667, "Mode_TP_C": 244.62499999999997, "Mode_recall_C": 0.12680701286610035, "Purity": 0.1383146352300318, "AMI": 0.10105553655855046, "ARand": 0.03203637856774455, "ModeProb_TP": 1.05, "ModeProb_T": 135.0, "ModeProb_P": 2.0, "ModeProb_precision": 0.525, "ModeProb_recall": 0.008817738870906094, "ModeProb_F1": 0.017290838706449412}, "4": {"IoU_TP": 0.0, "IoU_T": 136.3, "IoU_P": 4.0, "IoU_precision": 0.0, "IoU_recall": 0.0, "IoU_F1": 0.0, "Mode_TP": 2.2249999999999996, "Mode_T": 136.3, "Mode_P": 4.0, "Mode_precision": 0.5562499999999999, "Mode_recall": 0.01739571309129917, "Mode_F1": 0.03356340192771981, "Mode_TP_C": 154.925, "Mode_recall_C": 0.08486110788102368, "Purity": 0.14202829346144352, "AMI": 0.10917164122912676, "ARand": 0.029295596264386103, "ModeProb_TP": 1.2999999999999998, "ModeProb_T": 136.3, "ModeProb_P": 4.0, "ModeProb_precision": 0.32499999999999996, "ModeProb_recall": 0.01034797464238035, "ModeProb_F1": 0.01995241489526493}, "8": {"IoU_TP": 0.125, "IoU_T": 135.75, "IoU_P": 8.0, "IoU_precision": 0.015625, "IoU_recall": 0.0012445887445887446, "IoU_F1": 0.002285354337377459, "Mode_TP": 4.1, "Mode_T": 135.75, "Mode_P": 8.0, "Mode_precision": 0.5125, "Mode_recall": 0.0318144861863168, "Mode_F1": 0.059338477573754496, "Mode_TP_C": 137.45000000000002, "Mode_recall_C": 0.07346758108102984, "Purity": 0.15666255616287458, "AMI": 0.12936602101005937, "ARand": 0.035982144683232166, "ModeProb_TP": 1.2, "ModeProb_T": 135.75, "ModeProb_P": 8.0, "ModeProb_precision": 0.15, "ModeProb_recall": 0.009687920868648425, "ModeProb_F1": 0.01802677770190723}, "16": {"IoU_TP": 0.6, "IoU_T": 137.125, "IoU_P": 16.0, "IoU_precision": 0.0375, "IoU_recall": 0.005132022610692287, "IoU_F1": 0.008896872854557168, "Mode_TP": 7.125, "Mode_T": 137.125, "Mode_P": 16.0, "Mode_precision": 0.4453125, "Mode_recall": 0.05473141924728678, "Mode_F1": 0.09593123392941641, "Mode_TP_C": 127.19999999999999, "Mode_recall_C": 0.07086271563753348, "Purity": 0.16947078792851228, "AMI": 0.13688903271956876, "ARand": 0.0408746861291758, "ModeProb_TP": 2.075, "ModeProb_T": 137.125, "ModeProb_P": 16.0, "ModeProb_precision": 0.1296875, "ModeProb_recall": 0.017575856588597828, "ModeProb_F1": 0.0303802192696143}, "30": {"IoU_TP": 1.725, "IoU_T": 135.525, "IoU_P": 30.0, "IoU_precision": 0.057499999999999996, "IoU_recall": 0.013470916634418817, "IoU_F1": 0.021463355437505927, "Mode_TP": 12.025, "Mode_T": 135.525, "Mode_P": 30.0, "Mode_precision": 0.4008333333333334, "Mode_recall": 0.0895653764880337, "Mode_F1": 0.14383404166469413, "Mode_TP_C": 120.65, "Mode_recall_C": 0.06872532045495695, "Purity": 0.18199671041456758, "AMI": 0.1360548805438137, "ARand": 0.04023567339020192, "ModeProb_TP": 3.45, "ModeProb_T": 135.525, "ModeProb_P": 30.0, "ModeProb_precision": 0.11499999999999999, "ModeProb_recall": 0.027838373338140463, "ModeProb_F1": 0.04398575674807114}, "40": {"IoU_TP": 2.35, "IoU_T": 135.625, "IoU_P": 40.0, "IoU_precision": 0.05875, "IoU_recall": 0.018169440655679044, "IoU_F1": 0.027161004221655426, "Mode_TP": 14.475, "Mode_T": 135.625, "Mode_P": 40.0, "Mode_precision": 0.36187499999999995, "Mode_recall": 0.11065922349032031, "Mode_F1": 0.16528452942682065, "Mode_TP_C": 114.29999999999998, "Mode_recall_C": 0.06383628450332841, "Purity": 0.19002897111734876, "AMI": 0.12771022024753204, "ARand": 0.03643182784818272, "ModeProb_TP": 4.325, "ModeProb_T": 135.625, "ModeProb_P": 40.0, "ModeProb_precision": 0.108125, "ModeProb_recall": 0.03595234938256532, "ModeProb_F1": 0.05253433741902195}, "50": {"IoU_TP": 3.0749999999999997, "IoU_T": 134.675, "IoU_P": 50.0, "IoU_precision": 0.0615, "IoU_recall": 0.024165349503826428, "IoU_F1": 0.033997633775612955, "Mode_TP": 17.05, "Mode_T": 134.675, "Mode_P": 50.0, "Mode_precision": 0.34099999999999997, "Mode_recall": 0.13210318320486913, "Mode_F1": 0.18524292214405194, "Mode_TP_C": 111.75, "Mode_recall_C": 0.06415927530997578, "Purity": 0.2014003268221901, "AMI": 0.1284437410881037, "ARand": 0.038169257072507796, "ModeProb_TP": 5.575, "ModeProb_T": 134.675, "ModeProb_P": 50.0, "ModeProb_precision": 0.11149999999999999, "ModeProb_recall": 0.04711775771314983, "ModeProb_F1": 0.06438312443832322}, "60": {"IoU_TP": 3.8749999999999996, "IoU_T": 135.775, "IoU_P": 60.0, "IoU_precision": 0.06458333333333333, "IoU_recall": 0.03079501386186866, "IoU_F1": 0.04051053284271426, "Mode_TP": 20.05, "Mode_T": 135.775, "Mode_P": 60.0, "Mode_precision": 0.33416666666666667, "Mode_recall": 0.15467548388090896, "Mode_F1": 0.20457852758462705, "Mode_TP_C": 117.30000000000001, "Mode_recall_C": 0.06525343838081629, "Purity": 0.21151184516317104, "AMI": 0.1179726778915488, "ARand": 0.03338990611511166, "ModeProb_TP": 7.25, "ModeProb_T": 135.775, "ModeProb_P": 60.0, "ModeProb_precision": 0.12083333333333332, "ModeProb_recall": 0.06265483004397551, "ModeProb_F1": 0.07952017166260214}, "70": {"IoU_TP": 4.575, "IoU_T": 134.05, "IoU_P": 70.0, "IoU_precision": 0.06535714285714285, "IoU_recall": 0.03599271865031872, "IoU_F1": 0.045339410727732336, "Mode_TP": 22.125, "Mode_T": 134.05, "Mode_P": 70.0, "Mode_precision": 0.31607142857142856, "Mode_recall": 0.16747868899363566, "Mode_F1": 0.2133450547746893, "Mode_TP_C": 116.65, "Mode_recall_C": 0.06492963053266723, "Purity": 0.21531544564620908, "AMI": 0.11801426425581532, "ARand": 0.03294390856245518, "ModeProb_TP": 7.800000000000001, "ModeProb_T": 134.05, "ModeProb_P": 70.0, "ModeProb_precision": 0.11142857142857142, "ModeProb_recall": 0.06521544749900801, "ModeProb_F1": 0.07992155936435208}, "80": {"IoU_TP": 5.65, "IoU_T": 135.425, "IoU_P": 80.0, "IoU_precision": 0.070625, "IoU_recall": 0.04625717157705011, "IoU_F1": 0.05423805876897528, "Mode_TP": 24.875, "Mode_T": 135.425, "Mode_P": 80.0, "Mode_precision": 0.3109375, "Mode_recall": 0.1903349834113645, "Mode_F1": 0.22887104939452313, "Mode_TP_C": 115.6, "Mode_recall_C": 0.06584713464957456, "Purity": 0.22342403714952475, "AMI": 0.1150795012257105, "ARand": 0.03194079352140439, "ModeProb_TP": 9.55, "ModeProb_T": 135.425, "ModeProb_P": 80.0, "ModeProb_precision": 0.119375, "ModeProb_recall": 0.07978775548817005, "ModeProb_F1": 0.0925920461726173}, "90": {"IoU_TP": 6.3999999999999995, "IoU_T": 137.45, "IoU_P": 90.0, "IoU_precision": 0.07111111111111111, "IoU_recall": 0.053241900138389225, "IoU_F1": 0.05922098971846509, "Mode_TP": 26.450000000000003, "Mode_T": 137.45, "Mode_P": 90.0, "Mode_precision": 0.29388888888888887, "Mode_recall": 0.20050940559977765, "Mode_F1": 0.23139464212422228, "Mode_TP_C": 118.1, "Mode_recall_C": 0.059798042532870896, "Purity": 0.22469043848197262, "AMI": 0.10776944924294171, "ARand": 0.027509117625156967, "ModeProb_TP": 10.900000000000002, "ModeProb_T": 137.45, "ModeProb_P": 90.0, "ModeProb_precision": 0.12111111111111111, "ModeProb_recall": 0.09133317918932078, "ModeProb_F1": 0.10098445844624711}, "100": {"IoU_TP": 7.625, "IoU_T": 135.725, "IoU_P": 100.0, "IoU_precision": 0.07625000000000001, "IoU_recall": 0.06256963099784453, "IoU_F1": 0.06666866676701581, "Mode_TP": 30.325, "Mode_T": 135.725, "Mode_P": 100.0, "Mode_precision": 0.30325, "Mode_recall": 0.23602451668396374, "Mode_F1": 0.2569147597100119, "Mode_TP_C": 118.25, "Mode_recall_C": 0.0696400531537385, "Purity": 0.2381536923167178, "AMI": 0.11115304396126999, "ARand": 0.029988504628095918, "ModeProb_TP": 12.825000000000001, "ModeProb_T": 135.725, "ModeProb_P": 100.0, "ModeProb_precision": 0.12825, "ModeProb_recall": 0.10851232104504435, "ModeProb_F1": 0.1136413374511478}, "110": {"IoU_TP": 8.025, "IoU_T": 136.2, "IoU_P": 110.0, "IoU_precision": 0.07295454545454545, "IoU_recall": 0.06480544391450328, "IoU_F1": 0.06666217038175325, "Mode_TP": 31.874999999999996, "Mode_T": 136.2, "Mode_P": 110.0, "Mode_precision": 0.2897727272727273,