{"2": {"IoU_TP": 0.0, "IoU_T": 57.725, "IoU_P": 2.0, "IoU_precision": 0.0, "IoU_recall": 0.0, "IoU_F1": 0.0, "Mode_TP": 1.775, "Mode_T": 57.725, "Mode_P": 2.0, "Mode_precision": 0.8875, "Mode_recall": 0.03460234161216991, "Mode_F1": 0.06618223647181727, "Mode_TP_C": 31.45, "Mode_recall_C": 0.12358245994587985, "Purity": 0.14230751492848273, "AMI": 0.04291536991053507, "ARand": 0.01391417351574279, "ModeProb_TP": 1.625, "ModeProb_T": 57.725, "ModeProb_P": 2.0, "ModeProb_precision": 0.8125, "ModeProb_recall": 0.03271335962059562, "ModeProb_F1": 0.06250326864692315}, "4": {"IoU_TP": 0.05, "IoU_T": 56.325, "IoU_P": 4.0, "IoU_precision": 0.0125, "IoU_recall": 0.0010536823425022182, "IoU_F1": 0.0019433962264150944, "Mode_TP": 2.8, "Mode_T": 56.325, "Mode_P": 4.0, "Mode_precision": 0.7, "Mode_recall": 0.055675227539102284, "Mode_F1": 0.10187027544517266, "Mode_TP_C": 30.800000000000004, "Mode_recall_C": 0.12713524688345765, "Purity": 0.16844976169855927, "AMI": 0.0793711860658038, "ARand": 0.03388068287324403, "ModeProb_TP": 2.225, "ModeProb_T": 56.325, "ModeProb_P": 4.0, "ModeProb_precision": 0.55625, "ModeProb_recall": 0.0443163521438293, "ModeProb_F1": 0.08116114559344752}, "8": {"IoU_TP": 0.32499999999999996, "IoU_T": 56.875, "IoU_P": 8.0, "IoU_precision": 0.040624999999999994, "IoU_recall": 0.007284564398114813, "IoU_F1": 0.012204381332330516, "Mode_TP": 5.475, "Mode_T": 56.875, "Mode_P": 8.0, "Mode_precision": 0.684375, "Mode_recall": 0.10811347942405719, "Mode_F1": 0.18338652250353193, "Mode_TP_C": 45.25, "Mode_recall_C": 0.17562287784194597, "Purity": 0.22776336263149183, "AMI": 0.1393734962529999, "ARand": 0.08480568852935025, "ModeProb_TP": 3.175, "ModeProb_T": 56.875, "ModeProb_P": 8.0, "ModeProb_precision": 0.396875, "ModeProb_recall": 0.05917672024421872, "ModeProb_F1": 0.10136235890295676}, "16": {"IoU_TP": 0.95, "IoU_T": 55.95, "IoU_P": 16.0, "IoU_precision": 0.059375, "IoU_recall": 0.020684211843451178, "IoU_F1": 0.029867351211507173, "Mode_TP": 9.600000000000001, "Mode_T": 55.95, "Mode_P": 16.0, "Mode_precision": 0.6000000000000001, "Mode_recall": 0.18652964896353785, "Mode_F1": 0.2763873959536988, "Mode_TP_C": 49.75, "Mode_recall_C": 0.20424067909041493, "Purity": 0.29592898012937974, "AMI": 0.17099288134322066, "ARand": 0.1225843045451281, "ModeProb_TP": 4.6499999999999995, "ModeProb_T": 55.95, "ModeProb_P": 16.0, "ModeProb_precision": 0.29062499999999997, "ModeProb_recall": 0.09309246452293227, "ModeProb_F1": 0.13716211014113622}, "30": {"IoU_TP": 2.6, "IoU_T": 56.4, "IoU_P": 30.0, "IoU_precision": 0.08666666666666666, "IoU_recall": 0.050612849821929234, "IoU_F1": 0.061468975050474786, "Mode_TP": 14.75, "Mode_T": 56.4, "Mode_P": 30.0, "Mode_precision": 0.4916666666666667, "Mode_recall": 0.2785230691632902, "Mode_F1": 0.34237020750743075, "Mode_TP_C": 57.974999999999994, "Mode_recall_C": 0.2188910497505036, "Purity": 0.3744870909990292, "AMI": 0.18643524862407182, "ARand": 0.12589298037122607, "ModeProb_TP": 7.225, "ModeProb_T": 56.4, "ModeProb_P": 30.0, "ModeProb_precision": 0.24083333333333332, "ModeProb_recall": 0.145439063761667, "ModeProb_F1": 0.17416910681192024}, "40": {"IoU_TP": 4.7250000000000005, "IoU_T": 55.975, "IoU_P": 40.0, "IoU_precision": 0.11812500000000001, "IoU_recall": 0.10055464163167357, "IoU_F1": 0.10453055067214313, "Mode_TP": 18.5, "Mode_T": 55.975, "Mode_P": 40.0, "Mode_precision": 0.46249999999999997, "Mode_recall": 0.3565561989097278, "Mode_F1": 0.3873208028403007, "Mode_TP_C": 59.075, "Mode_recall_C": 0.2345369625966977, "Purity": 0.4261960528185549, "AMI": 0.19676564086812798, "ARand": 0.12355044023578897, "ModeProb_TP": 9.924999999999999, "ModeProb_T": 55.975, "ModeProb_P": 40.0, "ModeProb_precision": 0.248125, "ModeProb_recall": 0.21698720963059068, "ModeProb_F1": 0.22280338148055978}, "50": {"IoU_TP": 6.4, "IoU_T": 56.125, "IoU_P": 50.0, "IoU_precision": 0.128, "IoU_recall": 0.1316628106009814, "IoU_F1": 0.12499185079457283, "Mode_TP": 20.225, "Mode_T": 56.125, "Mode_P": 50.0, "Mode_precision": 0.40449999999999997, "Mode_recall": 0.3780353802795843, "Mode_F1": 0.3771622482424637, "Mode_TP_C": 60.14999999999999, "Mode_recall_C": 0.23393300522875748, "Purity": 0.4678297025357474, "AMI": 0.196950121856515, "ARand": 0.13831934010877167, "ModeProb_TP": 12.075, "ModeProb_T": 56.125, "ModeProb_P": 50.0, "ModeProb_precision": 0.24150000000000002, "ModeProb_recall": 0.24474891412177255, "ModeProb_F1": 0.23422048034162668}, "60": {"IoU_TP": 8.975, "IoU_T": 57.1, "IoU_P": 60.0, "IoU_precision": 0.14958333333333332, "IoU_recall": 0.18475964252458094, "IoU_F1": 0.15910484829419103, "Mode_TP": 24.275, "Mode_T": 57.1, "Mode_P": 60.0, "Mode_precision": 0.4045833333333333, "Mode_recall": 0.45576467319106295, "Mode_F1": 0.41296128455033965, "Mode_TP_C": 61.10000000000001, "Mode_recall_C": 0.24417695902929326, "Purity": 0.5129111820197606, "AMI": 0.19098652506713187, "ARand": 0.1293115006365464, "ModeProb_TP": 15.2, "ModeProb_T": 57.1, "ModeProb_P": 60.0, "ModeProb_precision": 0.2533333333333333, "ModeProb_recall": 0.3051871915046428, "ModeProb_F1": 0.26687917141118356}, "70": {"IoU_TP": 11.45, "IoU_T": 56.625, "IoU_P": 70.0, "IoU_precision": 0.16357142857142856, "IoU_recall": 0.23007677854127548, "IoU_F1": 0.18369071256266944, "Mode_TP": 26.375, "Mode_T": 56.625, "Mode_P": 70.0, "Mode_precision": 0.3767857142857143, "Mode_recall": 0.4977119561340289, "Mode_F1": 0.4123511522697579, "Mode_TP_C": 59.87500000000001, "Mode_recall_C": 0.24409875355590088, "Purity": 0.5458960958065951, "AMI": 0.18336834382425105, "ARand": 0.11418971700206604, "ModeProb_TP": 19.075, "ModeProb_T": 56.625, "ModeProb_P": 70.0, "ModeProb_precision": 0.27249999999999996, "ModeProb_recall": 0.371292333506511, "ModeProb_F1": 0.30235726519113004}, "80": {"IoU_TP": 13.375, "IoU_T": 56.574999999999996, "IoU_P": 80.0, "IoU_precision": 0.1671875, "IoU_recall": 0.2660822120814497, "IoU_F1": 0.19808992876183573, "Mode_TP": 28.725, "Mode_T": 56.574999999999996, "Mode_P": 80.0, "Mode_precision": 0.3590625, "Mode_recall": 0.5467228116141121, "Mode_F1": 0.41755610537607496, "Mode_TP_C": 62.35, "Mode_recall_C": 0.24934707654096916, "Purity": 0.5874661730069527, "AMI": 0.1865623890878531, "ARand": 0.11217567290476073, "ModeProb_TP": 20.75, "ModeProb_T": 56.574999999999996, "ModeProb_P": 80.0, "ModeProb_precision": 0.25937499999999997, "ModeProb_recall": 0.3922977076355362, "ModeProb_F1": 0.30130665937992174}, "90": {"IoU_TP": 16.45, "IoU_T": 57.425, "IoU_P": 90.0, "IoU_precision": 0.18277777777777776, "IoU_recall": 0.3112906740913819, "IoU_F1": 0.22226220588567555, "Mode_TP": 31.4, "Mode_T": 57.425, "Mode_P": 90.0, "Mode_precision": 0.3488888888888889, "Mode_recall": 0.5795923417800071, "Mode_F1": 0.42001056711646156, "Mode_TP_C": 65.275, "Mode_recall_C": 0.2564592296081383, "Purity": 0.6341212469824581, "AMI": 0.19909232984768777, "ARand": 0.1313343208742436, "ModeProb_TP": 24.25, "ModeProb_T": 57.425, "ModeProb_P": 90.0, "ModeProb_precision": 0.26944444444444443, "ModeProb_recall": 0.43813385682263595, "ModeProb_F1": 0.322318509616608}, "100": {"IoU_TP": 17.45, "IoU_T": 55.824999999999996, "IoU_P": 100.0, "IoU_precision": 0.1745, "IoU_recall": 0.345482895075262, "IoU_F1": 0.22387365303852888, "Mode_TP": 33.675, "Mode_T": 55.824999999999996, "Mode_P": 100.0, "Mode_precision": 0.33675, "Mode_recall": 0.65617594635145, "Mode_F1": 0.42920710271221496, "Mode_TP_C": 64.95, "Mode_recall_C": 0.26572414153123924, "Purity": 0.6806136204141462, "AMI": 0.18401099812102556, "ARand": 0.10946717051329073, "ModeProb_TP": 24.849999999999998, "ModeProb_T": 55.824999999999996, "ModeProb_P": 100.0, "ModeProb_precision": 0.24849999999999997, "ModeProb_recall": 0.45986935747222213, "ModeProb_F1": 0.3120251679867403}}