{"2": {"IoU_TP": 0.0, "IoU_T": 133.725, "IoU_P": 2.0, "IoU_precision": 0.0, "IoU_recall": 0.0, "IoU_F1": 0.0, "Mode_TP": 1.575, "Mode_T": 133.725, "Mode_P": 2.0, "Mode_precision": 0.7875, "Mode_recall": 0.012824623808754185, "Mode_F1": 0.02515304340844108, "Mode_TP_C": 241.975, "Mode_recall_C": 0.11978402469378743, "Purity": 0.12985446113922777, "AMI": 0.09586834068789998, "ARand": 0.029531556687956748, "ModeProb_TP": 1.0, "ModeProb_T": 133.725, "ModeProb_P": 2.0, "ModeProb_precision": 0.5, "ModeProb_recall": 0.008703547696199224, "ModeProb_F1": 0.017051612237045197}, "4": {"IoU_TP": 0.0, "IoU_T": 135.525, "IoU_P": 4.0, "IoU_precision": 0.0, "IoU_recall": 0.0, "IoU_F1": 0.0, "Mode_TP": 2.5250000000000004, "Mode_T": 135.525, "Mode_P": 4.0, "Mode_precision": 0.6312500000000001, "Mode_recall": 0.02024212314748671, "Mode_F1": 0.03899014773498065, "Mode_TP_C": 154.675, "Mode_recall_C": 0.0891866788603979, "Purity": 0.13297136136701274, "AMI": 0.11317826055322558, "ARand": 0.028491238282508366, "ModeProb_TP": 1.2249999999999999, "ModeProb_T": 135.525, "ModeProb_P": 4.0, "ModeProb_precision": 0.30624999999999997, "ModeProb_recall": 0.010018628655757176, "ModeProb_F1": 0.019293685191471958}, "8": {"IoU_TP": 0.175, "IoU_T": 132.875, "IoU_P": 8.0, "IoU_precision": 0.021875, "IoU_recall": 0.001189378247371364, "IoU_F1": 0.0022542341635842685, "Mode_TP": 4.525, "Mode_T": 132.875, "Mode_P": 8.0, "Mode_precision": 0.565625, "Mode_recall": 0.035412213881136426, "Mode_F1": 0.06596295261746248, "Mode_TP_C": 129.55, "Mode_recall_C": 0.07499440003025774, "Purity": 0.14827031909160895, "AMI": 0.12564294558318234, "ARand": 0.03367783773076897, "ModeProb_TP": 1.25, "ModeProb_T": 132.875, "ModeProb_P": 8.0, "ModeProb_precision": 0.15625, "ModeProb_recall": 0.010964602412190154, "ModeProb_F1": 0.02024852820130845}, "16": {"IoU_TP": 0.625, "IoU_T": 135.3, "IoU_P": 16.0, "IoU_precision": 0.0390625, "IoU_recall": 0.005202143782736398, "IoU_F1": 0.009073380544508658, "Mode_TP": 7.925000000000001, "Mode_T": 135.3, "Mode_P": 16.0, "Mode_precision": 0.49531250000000004, "Mode_recall": 0.061224743335028385, "Mode_F1": 0.10726888522488796, "Mode_TP_C": 123.5, "Mode_recall_C": 0.07267734343498855, "Purity": 0.16018917500925492, "AMI": 0.1296960743702002, "ARand": 0.035887846015870126, "ModeProb_TP": 2.175, "ModeProb_T": 135.3, "ModeProb_P": 16.0, "ModeProb_precision": 0.1359375, "ModeProb_recall": 0.019051481806336774, "ModeProb_F1": 0.03281822983373127}, "30": {"IoU_TP": 1.9000000000000001, "IoU_T": 132.75, "IoU_P": 30.0, "IoU_precision": 0.06333333333333332, "IoU_recall": 0.0156381428913075, "IoU_F1": 0.024581076541618424, "Mode_TP": 12.524999999999999, "Mode_T": 132.75, "Mode_P": 30.0, "Mode_precision": 0.4175, "Mode_recall": 0.09862236921045034, "Mode_F1": 0.1554157631273957, "Mode_TP_C": 114.025, "Mode_recall_C": 0.07425707993871067, "Purity": 0.18155358857999598, "AMI": 0.12623729335528303, "ARand": 0.036239162678360526, "ModeProb_TP": 4.05, "ModeProb_T": 132.75, "ModeProb_P": 30.0, "ModeProb_precision": 0.135, "ModeProb_recall": 0.03235580318377263, "ModeProb_F1": 0.05103669411092399}, "40": {"IoU_TP": 3.3, "IoU_T": 134.725, "IoU_P": 40.0, "IoU_precision": 0.08249999999999999, "IoU_recall": 0.02756178585520061, "IoU_F1": 0.040234801943755366, "Mode_TP": 16.174999999999997, "Mode_T": 134.725, "Mode_P": 40.0, "Mode_precision": 0.40437500000000004, "Mode_recall": 0.12827412747608294, "Mode_F1": 0.189188756787871, "Mode_TP_C": 120.025, "Mode_recall_C": 0.07272451688077267, "Purity": 0.1897641946563031, "AMI": 0.12340882818207685, "ARand": 0.0359356893097857, "ModeProb_TP": 5.075, "ModeProb_T": 134.725, "ModeProb_P": 40.0, "ModeProb_precision": 0.12687500000000002, "ModeProb_recall": 0.04324938725642355, "ModeProb_F1": 0.06271475429594925}, "50": {"IoU_TP": 3.95, "IoU_T": 133.15, "IoU_P": 50.0, "IoU_precision": 0.079, "IoU_recall": 0.03430280707490951, "IoU_F1": 0.04618130198442204, "Mode_TP": 18.325, "Mode_T": 133.15, "Mode_P": 50.0, "Mode_precision": 0.3665, "Mode_recall": 0.14867442012457235, "Mode_F1": 0.2041032250491387, "Mode_TP_C": 110.5, "Mode_recall_C": 0.07211884569978964, "Purity": 0.19979734499379942, "AMI": 0.11413128359093165, "ARand": 0.0322739538830487, "ModeProb_TP": 6.85, "ModeProb_T": 133.15, "ModeProb_P": 50.0, "ModeProb_precision": 0.137, "ModeProb_recall": 0.060902443423637244, "ModeProb_F1": 0.08124425792530421}, "60": {"IoU_TP": 4.3500000000000005, "IoU_T": 133.875, "IoU_P": 60.0, "IoU_precision": 0.07250000000000001, "IoU_recall": 0.03643781829879979, "IoU_F1": 0.04708147541754838, "Mode_TP": 21.525, "Mode_T": 133.875, "Mode_P": 60.0, "Mode_precision": 0.35874999999999996, "Mode_recall": 0.17180470845034565, "Mode_F1": 0.22477197417429873, "Mode_TP_C": 104.4, "Mode_recall_C": 0.07295469916194497, "Purity": 0.2034184720525036, "AMI": 0.11096329809499236, "ARand": 0.031697889044784246, "ModeProb_TP": 7.6499999999999995, "ModeProb_T": 133.875, "ModeProb_P": 60.0, "ModeProb_precision": 0.1275, "ModeProb_recall": 0.06569915793984134, "ModeProb_F1": 0.08380840225939214}, "70": {"IoU_TP": 6.1499999999999995, "IoU_T": 134.8, "IoU_P": 70.0, "IoU_precision": 0.08785714285714286, "IoU_recall": 0.05278843732177462, "IoU_F1": 0.06375315002233164, "Mode_TP": 24.9, "Mode_T": 134.8, "Mode_P": 70.0, "Mode_precision": 0.35571428571428576, "Mode_recall": 0.1976692732233205, "Mode_F1": 0.2448692179332332, "Mode_TP_C": 116.2, "Mode_recall_C": 0.073898374836769, "Purity": 0.2164830925507354, "AMI": 0.10629985186772685, "ARand": 0.029470859765900755, "ModeProb_TP": 9.3, "ModeProb_T": 134.8, "ModeProb_P": 70.0, "ModeProb_precision": 0.13285714285714287, "ModeProb_recall": 0.08313376679969962, "ModeProb_F1": 0.09834301842967137}, "80": {"IoU_TP": 6.2749999999999995, "IoU_T": 134.875, "IoU_P": 80.0, "IoU_precision": 0.07843750000000001, "IoU_recall": 0.05202118853793555, "IoU_F1": 0.06040278782170342, "Mode_TP": 26.175, "Mode_T": 134.875, "Mode_P": 80.0, "Mode_precision": 0.32718749999999996, "Mode_recall": 0.21199211223133851, "Mode_F1": 0.2472277570747333, "Mode_TP_C": 109.825, "Mode_recall_C": 0.07158181691790849, "Purity": 0.22365725814658377, "AMI": 0.10378112577080517, "ARand": 0.028620819096113286, "ModeProb_TP": 9.925, "ModeProb_T": 134.875, "ModeProb_P": 80.0, "ModeProb_precision": 0.1240625, "ModeProb_recall": 0.0878809146762055, "ModeProb_F1": 0.09877185232018712}, "90": {"IoU_TP": 7.725, "IoU_T": 133.89999999999998, "IoU_P": 90.0, "IoU_precision": 0.08583333333333332, "IoU_recall": 0.0658903938411118, "IoU_F1": 0.07193126756662202, "Mode_TP": 29.900000000000002, "Mode_T": 133.89999999999998, "Mode_P": 90.0, "Mode_precision": 0.3322222222222223, "Mode_recall": 0.23700606681722286, "Mode_F1": 0.2662588929612672, "Mode_TP_C": 109.1, "Mode_recall_C": 0.07768366004889164, "Purity": 0.2371738742962095, "AMI": 0.09688178071196302, "ARand": 0.02714725034930497, "ModeProb_TP": 12.725000000000001, "ModeProb_T": 133.89999999999998, "ModeProb_P": 90.0, "ModeProb_precision": 0.1413888888888889, "ModeProb_recall": 0.1102362634484913, "ModeProb_F1": 0.11920984257481604}, "100": {"IoU_TP": 8.425, "IoU_T": 134.475, "IoU_P": 100.0, "IoU_precision": 0.08424999999999999, "IoU_recall": 0.07132482076912029, "IoU_F1": 0.07471809396020533, "Mode_TP": 30.8, "Mode_T": 134.475, "Mode_P": 100.0, "Mode_precision": 0.30800000000000005, "Mode_recall": 0.24356424174226643, "Mode_F1": 0.26253705177924597, "Mode_TP_C": 111.57500000000002, "Mode_recall_C": 0.0746387172447964, "Purity": 0.23932259372861647, "AMI": 0.09716981807135813, "ARand": 0.025837503741774015, "ModeProb_TP": 13.7, "ModeProb_T": 134.475, "ModeProb_P": 100.0, "ModeProb_precision": 0.137, "ModeProb_recall": 0.1132626327349634, "ModeProb_F1": 0.1198751306506256}, "110": {"IoU_TP": 8.7, "IoU_T": 135.475, "IoU_P": 110.0, "IoU_precision": 0.07909090909090909, "IoU_recall": 0.07159001017763432, "IoU_F1": 0.07287706813204928, "Mode_TP": 32.8, "Mode_T": 135.475, "Mode_P": 110.0, "Mode_precision": 0.29818181818181816,