{"2": {"IoU_TP": 0.0, "IoU_T": 56.3, "IoU_P": 2.0, "IoU_precision": 0.0, "IoU_recall": 0.0, "IoU_F1": 0.0, "Mode_TP": 1.75, "Mode_T": 56.3, "Mode_P": 2.0, "Mode_precision": 0.875, "Mode_recall": 0.03524395897941742, "Mode_F1": 0.06734975571368575, "Mode_TP_C": 29.575, "Mode_recall_C": 0.1221710529212522, "Purity": 0.13721306519131476, "AMI": 0.04181576649329286, "ARand": 0.013315540864004997, "ModeProb_TP": 1.475, "ModeProb_T": 56.3, "ModeProb_P": 2.0, "ModeProb_precision": 0.7375, "ModeProb_recall": 0.02998955105181885, "ModeProb_F1": 0.05732018370102475}, "4": {"IoU_TP": 0.0, "IoU_T": 56.650000000000006, "IoU_P": 4.0, "IoU_precision": 0.0, "IoU_recall": 0.0, "IoU_F1": 0.0, "Mode_TP": 3.0, "Mode_T": 56.650000000000006, "Mode_P": 4.0, "Mode_precision": 0.75, "Mode_recall": 0.05909695236288861, "Mode_F1": 0.10819539741399944, "Mode_TP_C": 33.0, "Mode_recall_C": 0.13309386881568575, "Purity": 0.17079945142708478, "AMI": 0.08890889294806907, "ARand": 0.0355880965979676, "ModeProb_TP": 2.175, "ModeProb_T": 56.650000000000006, "ModeProb_P": 4.0, "ModeProb_precision": 0.54375, "ModeProb_recall": 0.044358375398828254, "ModeProb_F1": 0.08114803168621754}, "8": {"IoU_TP": 0.35000000000000003, "IoU_T": 57.65, "IoU_P": 8.0, "IoU_precision": 0.043750000000000004, "IoU_recall": 0.00645903166567771, "IoU_F1": 0.011146195583664066, "Mode_TP": 5.7, "Mode_T": 57.65, "Mode_P": 8.0, "Mode_precision": 0.7125, "Mode_recall": 0.10977122025118771, "Mode_F1": 0.18675273097186013, "Mode_TP_C": 46.6, "Mode_recall_C": 0.1843519041777606, "Purity": 0.23819490478063615, "AMI": 0.14437390136607878, "ARand": 0.0831233518309994, "ModeProb_TP": 3.25, "ModeProb_T": 57.65, "ModeProb_P": 8.0, "ModeProb_precision": 0.40625, "ModeProb_recall": 0.06660896737914349, "ModeProb_F1": 0.1123784274913131}, "16": {"IoU_TP": 0.925, "IoU_T": 57.725, "IoU_P": 16.0, "IoU_precision": 0.0578125, "IoU_recall": 0.01825224449970719, "IoU_F1": 0.026967619426802994, "Mode_TP": 9.525, "Mode_T": 57.725, "Mode_P": 16.0, "Mode_precision": 0.5953125, "Mode_recall": 0.18193382764350297, "Mode_F1": 0.2699891862252592, "Mode_TP_C": 50.175, "Mode_recall_C": 0.19927777958742998, "Purity": 0.2935759573310284, "AMI": 0.16492291702300502, "ARand": 0.10756044146224775, "ModeProb_TP": 4.15, "ModeProb_T": 57.725, "ModeProb_P": 16.0, "ModeProb_precision": 0.259375, "ModeProb_recall": 0.07788357622507217, "ModeProb_F1": 0.1165273873025238}, "30": {"IoU_TP": 3.0500000000000003, "IoU_T": 56.0, "IoU_P": 30.0, "IoU_precision": 0.10166666666666666, "IoU_recall": 0.06226515640227527, "IoU_F1": 0.07487172831520382, "Mode_TP": 15.424999999999999, "Mode_T": 56.0, "Mode_P": 30.0, "Mode_precision": 0.5141666666666667, "Mode_recall": 0.29868727216114727, "Mode_F1": 0.3652712422951252, "Mode_TP_C": 59.775000000000006, "Mode_recall_C": 0.23259276903707476, "Purity": 0.377490081457297, "AMI": 0.1905746389001059, "ARand": 0.12897386975009184, "ModeProb_TP": 7.15, "ModeProb_T": 56.0, "ModeProb_P": 30.0, "ModeProb_precision": 0.23833333333333334, "ModeProb_recall": 0.1456621424750952, "ModeProb_F1": 0.17463840597631916}, "40": {"IoU_TP": 4.875, "IoU_T": 56.324999999999996, "IoU_P": 40.0, "IoU_precision": 0.12187500000000001, "IoU_recall": 0.09990202228553971, "IoU_F1": 0.10540514995902936, "Mode_TP": 18.375, "Mode_T": 56.324999999999996, "Mode_P": 40.0, "Mode_precision": 0.45937500000000003, "Mode_recall": 0.35506031851941716, "Mode_F1": 0.3846241230768798, "Mode_TP_C": 60.550000000000004, "Mode_recall_C": 0.24168625533371996, "Purity": 0.43525344994335213, "AMI": 0.20699402724469257, "ARand": 0.15712844169088777, "ModeProb_TP": 9.475000000000001, "ModeProb_T": 56.324999999999996, "ModeProb_P": 40.0, "ModeProb_precision": 0.236875, "ModeProb_recall": 0.19647976101304915, "ModeProb_F1": 0.20669656237478562}, "50": {"IoU_TP": 6.725, "IoU_T": 56.675000000000004, "IoU_P": 50.0, "IoU_precision": 0.1345, "IoU_recall": 0.14292763723533997, "IoU_F1": 0.1335262025692126, "Mode_TP": 20.849999999999998, "Mode_T": 56.675000000000004, "Mode_P": 50.0, "Mode_precision": 0.417, "Mode_recall": 0.39809553958200566, "Mode_F1": 0.39155191750573304, "Mode_TP_C": 58.650000000000006, "Mode_recall_C": 0.23115911296157166, "Purity": 0.45947681658269346, "AMI": 0.18787159312714913, "ARand": 0.1292790199438189, "ModeProb_TP": 11.8, "ModeProb_T": 56.675000000000004, "ModeProb_P": 50.0, "ModeProb_precision": 0.23600000000000004, "ModeProb_recall": 0.24334594386189343, "ModeProb_F1": 0.23052797899007252}, "60": {"IoU_TP": 9.225, "IoU_T": 55.775, "IoU_P": 60.0, "IoU_precision": 0.15375, "IoU_recall": 0.18941223046662634, "IoU_F1": 0.163668884584471, "Mode_TP": 23.575000000000003, "Mode_T": 55.775, "Mode_P": 60.0, "Mode_precision": 0.3929166666666667, "Mode_recall": 0.45641545020042606, "Mode_F1": 0.4070143150652524, "Mode_TP_C": 60.8, "Mode_recall_C": 0.245934746290223, "Purity": 0.5097169355775636, "AMI": 0.19675323598087163, "ARand": 0.1369530388004085, "ModeProb_TP": 15.024999999999999, "ModeProb_T": 55.775, "ModeProb_P": 60.0, "ModeProb_precision": 0.25041666666666673, "ModeProb_recall": 0.3052028266886017, "ModeProb_F1": 0.26508571722882057}, "70": {"IoU_TP": 11.350000000000001, "IoU_T": 57.65, "IoU_P": 70.0, "IoU_precision": 0.16214285714285714, "IoU_recall": 0.21870660757436833, "IoU_F1": 0.17847205126327367, "Mode_TP": 27.0, "Mode_T": 57.65, "Mode_P": 70.0, "Mode_precision": 0.38571428571428573, "Mode_recall": 0.4968365197166831, "Mode_F1": 0.4169923826302696, "Mode_TP_C": 60.9, "Mode_recall_C": 0.23892022583886938, "Purity": 0.5340827565063985, "AMI": 0.17922231495541363, "ARand": 0.10940940848724699, "ModeProb_TP": 18.275, "ModeProb_T": 57.65, "ModeProb_P": 70.0, "ModeProb_precision": 0.2610714285714285, "ModeProb_recall": 0.34240732303353916, "ModeProb_F1": 0.2843297556996739}, "80": {"IoU_TP": 13.475, "IoU_T": 57.224999999999994, "IoU_P": 80.0, "IoU_precision": 0.1684375, "IoU_recall": 0.25934592088308517, "IoU_F1": 0.19754382647043303, "Mode_TP": 28.225, "Mode_T": 57.224999999999994, "Mode_P": 80.0, "Mode_precision": 0.3528125, "Mode_recall": 0.5241248379966905, "Mode_F1": 0.40791509522866154, "Mode_TP_C": 63.95, "Mode_recall_C": 0.24905258173714198, "Purity": 0.5885806989885101, "AMI": 0.20132314173290433, "ARand": 0.1279019989312844, "ModeProb_TP": 21.8, "ModeProb_T": 57.224999999999994, "ModeProb_P": 80.0, "ModeProb_precision": 0.2725, "ModeProb_recall": 0.40752314958270486, "ModeProb_F1": 0.3162303086737239}, "90": {"IoU_TP": 15.774999999999999, "IoU_T": 57.574999999999996, "IoU_P": 90.0, "IoU_precision": 0.1752777777777778, "IoU_recall": 0.3090600663407705, "IoU_F1": 0.21509424035025237, "Mode_TP": 31.75, "Mode_T": 57.574999999999996, "Mode_P": 90.0, "Mode_precision": 0.3527777777777778, "Mode_recall": 0.6000353014698896, "Mode_F1": 0.42696890162453544, "Mode_TP_C": 62.925, "Mode_recall_C": 0.2533366728368205, "Purity": 0.6232589442802432, "AMI": 0.1738536453152363, "ARand": 0.09330218743126101, "ModeProb_TP": 23.4, "ModeProb_T": 57.574999999999996, "ModeProb_P": 90.0, "ModeProb_precision": 0.26, "ModeProb_recall": 0.431425789351797, "ModeProb_F1": 0.31246084200640345}, "100": {"IoU_TP": 17.099999999999998, "IoU_T": 56.05, "IoU_P": 100.0, "IoU_precision": 0.17099999999999999, "IoU_recall": 0.33067371162085935, "IoU_F1": 0.21747999256492193, "Mode_TP": 33.675, "Mode_T": 56.05, "Mode_P": 100.0, "Mode_precision": 0.33674999999999994, "Mode_recall": 0.6435449189273241, "Mode_F1": 0.4263091472760696, "Mode_TP_C": 66.25, "Mode_recall_C": 0.26202859335830697, "Purity": 0.6636653266729909, "AMI": 0.18759789466020965, "ARand": 0.10552341215038888, "ModeProb_TP": 25.049999999999997, "ModeProb_T": 56.05, "ModeProb_P": 100.0, "ModeProb_precision": 0.25049999999999994, "ModeProb_recall": 0.45695763707179815, "ModeProb_F1": 0.3127797940911861}, "110": {"IoU_TP": 18.65, "IoU_T": 56.0, "IoU_P": 109.35, "IoU_precision": 0.170513603286401, "IoU_recall": 0.36466277544421744, "IoU_F1": 0.2238840252401267, "Mode_TP": 35.375, "Mode_T": 56.0, "Mode_P": 109.35,