{"IoU_TP": 1.55, "IoU_T": 30.15, "IoU_P": 200.0, "IoU_precision": 0.007750000000000004, "IoU_recall": 0.05132328819485981, "IoU_F1": 0.013461959523338866, "Mode_TP": 9.533333333333333, "Mode_T": 30.15, "Mode_P": 200.0, "Mode_precision": 0.047666666666666656, "Mode_recall": 0.31663696631111404, "Mode_F1": 0.08283657660239312, "Mode_TP_C": 48.55, "Mode_recall_C": 0.048549999999999996, "Purity": 0.5777, "AMI": 0.10527771950544842, "ARand": 0.009522087212675157}