{"IoU_TP": 0.0, "IoU_T": 30.116666666666667, "IoU_P": 30.0, "IoU_precision": 0.0, "IoU_recall": 0.0, "IoU_F1": 0.0, "Mode_TP": 4.116666666666666, "Mode_T": 30.116666666666667, "Mode_P": 30.0, "Mode_precision": 0.13722222222222233, "Mode_recall": 0.13678612164452916, "Mode_F1": 0.13690950702108218, "Mode_TP_C": 91.83333333333333, "Mode_recall_C": 0.09183333333333331, "Purity": 0.4845166666666666, "AMI": 0.15297531790623614, "ARand": 0.03836109686744323}