{"IoU_TP": 0.0, "IoU_T": 30.3, "IoU_P": 40.0, "IoU_precision": 0.0, "IoU_recall": 0.0, "IoU_F1": 0.0, "Mode_TP": 4.116666666666666, "Mode_T": 30.3, "Mode_P": 40.0, "Mode_precision": 0.10291666666666664, "Mode_recall": 0.13633626966508408, "Mode_F1": 0.11717279637650746, "Mode_TP_C": 76.95, "Mode_recall_C": 0.07695000000000002, "Purity": 0.49408333333333315, "AMI": 0.1489530466942966, "ARand": 0.03160252404888567}