{"IoU_TP": 0.15, "IoU_T": 29.766666666666666, "IoU_P": 10.0, "IoU_precision": 0.014999999999999998, "IoU_recall": 0.005194845974415867, "IoU_F1": 0.007710611767094437, "Mode_TP": 2.966666666666667, "Mode_T": 29.766666666666666, "Mode_P": 10.0, "Mode_precision": 0.2966666666666669, "Mode_recall": 0.09992000788267472, "Mode_F1": 0.14936933577281972, "Mode_TP_C": 191.88333333333333, "Mode_recall_C": 0.19188333333333335, "Purity": 0.4612333333333332, "AMI": 0.18190507177381635, "ARand": 0.09024611033471154}