{"IoU_TP": 0.03333333333333333, "IoU_T": 30.15, "IoU_P": 20.0, "IoU_precision": 0.0016666666666666668, "IoU_recall": 0.001093189964157706, "IoU_F1": 0.0013202614379084969, "Mode_TP": 3.6666666666666665, "Mode_T": 30.15, "Mode_P": 20.0, "Mode_precision": 0.18333333333333338, "Mode_recall": 0.12198458210968975, "Mode_F1": 0.1463192072064074, "Mode_TP_C": 115.61666666666666, "Mode_recall_C": 0.11561666666666666, "Purity": 0.47851666666666665, "AMI": 0.1645315214806937, "ARand": 0.053158164151429786}