{"IoU_TP": 0.15, "IoU_T": 30.366666666666667, "IoU_P": 80.0, "IoU_precision": 0.0018749999999999997, "IoU_recall": 0.0049569271492936684, "IoU_F1": 0.002719528275433393, "Mode_TP": 5.3, "Mode_T": 30.366666666666667, "Mode_P": 80.0, "Mode_precision": 0.06625, "Mode_recall": 0.17499257447508096, "Mode_F1": 0.09606556066621426, "Mode_TP_C": 57.43333333333333, "Mode_recall_C": 0.05743333333333334, "Purity": 0.5206333333333334, "AMI": 0.1332247381366587, "ARand": 0.018418163315490586}