{"IoU_TP": 0.2, "IoU_T": 30.0, "IoU_P": 120.0, "IoU_precision": 0.0016666666666666666, "IoU_recall": 0.006684202139337474, "IoU_F1": 0.0026669436858240765, "Mode_TP": 7.033333333333333, "Mode_T": 30.0, "Mode_P": 120.0, "Mode_precision": 0.05861111111111108, "Mode_recall": 0.23491832743431743, "Mode_F1": 0.09376141929271443, "Mode_TP_C": 51.6, "Mode_recall_C": 0.05159999999999999, "Purity": 0.5408666666666666, "AMI": 0.1217475925564393, "ARand": 0.013406336758295669}