{"IoU_TP": 0.06666666666666667, "IoU_T": 29.7, "IoU_P": 50.0, "IoU_precision": 0.0013333333333333333, "IoU_recall": 0.002243983614951357, "IoU_F1": 0.0016722063944286168, "Mode_TP": 4.716666666666667, "Mode_T": 29.7, "Mode_P": 50.0, "Mode_precision": 0.09433333333333334, "Mode_recall": 0.15955348651334936, "Mode_F1": 0.1184927097707821, "Mode_TP_C": 72.71666666666667, "Mode_recall_C": 0.0727166666666667, "Purity": 0.501, "AMI": 0.14248572961407877, "ARand": 0.02624475232918915}