{"2": {"IoU_TP": 12.625, "IoU_T": 135.45, "IoU_P": 547.35, "IoU_precision": 0.025169317063734434, "IoU_recall": 0.09340145795616886, "IoU_F1": 0.03843772342350091, "Mode_TP": 30.924999999999997, "Mode_T": 135.45, "Mode_P": 547.35, "Mode_precision": 0.06772764980858989, "Mode_recall": 0.23215554950987688, "Mode_F1": 0.1020136122337417, "Mode_TP_C": 86.25, "Mode_recall_C": 0.04815239685423117, "Purity": 0.3755880893372503, "AMI": 0.010542186857326077, "ARand": -0.00225077638715016, "ModeProb_TP": 33.55, "ModeProb_T": 135.45, "ModeProb_P": 547.35, "ModeProb_precision": 0.07229741449797406, "ModeProb_recall": 0.24785204759551205, "ModeProb_F1": 0.10874475983573388}, "3": {"IoU_TP": 3.025, "IoU_T": 135.1, "IoU_P": 259.525, "IoU_precision": 0.010585816130377582, "IoU_recall": 0.020521405857571264, "IoU_F1": 0.013621784569548512, "Mode_TP": 18.575000000000003, "Mode_T": 135.1, "Mode_P": 259.525, "Mode_precision": 0.07398974356455602, "Mode_recall": 0.13147274048464228, "Mode_F1": 0.09252431466427814, "Mode_TP_C": 84.72500000000001, "Mode_recall_C": 0.050277772025091594, "Purity": 0.279043590733567, "AMI": 0.02490202333372845, "ARand": -0.002412289218274342, "ModeProb_TP": 22.55, "ModeProb_T": 135.1, "ModeProb_P": 259.525, "ModeProb_precision": 0.09009086728219877, "ModeProb_recall": 0.16337582498537767, "ModeProb_F1": 0.11331193001326163}, "4": {"IoU_TP": 2.05, "IoU_T": 135.425, "IoU_P": 135.0, "IoU_precision": 0.03277825673417266, "IoU_recall": 0.014310779160585348, "IoU_F1": 0.012022720155320611, "Mode_TP": 9.025, "Mode_T": 135.425, "Mode_P": 135.0, "Mode_precision": 0.16699221571943218, "Mode_recall": 0.0664633280283568, "Mode_F1": 0.0689270060245917, "Mode_TP_C": 120.95, "Mode_recall_C": 0.07146566712493796, "Purity": 0.2041776875670867, "AMI": 0.02814170402475427, "ARand": -0.005579100596688941, "ModeProb_TP": 12.325, "ModeProb_T": 135.425, "ModeProb_P": 135.0, "ModeProb_precision": 0.15193998100836642, "ModeProb_recall": 0.08802772035655607, "ModeProb_F1": 0.08621406529891601}, "5": {"IoU_TP": 1.2, "IoU_T": 134.475, "IoU_P": 94.05000000000001, "IoU_precision": 0.022733304260891114, "IoU_recall": 0.0086184661871069, "IoU_F1": 0.008486888231311523, "Mode_TP": 7.5, "Mode_T": 134.475, "Mode_P": 94.05000000000001, "Mode_precision": 0.21158077975767364, "Mode_recall": 0.05447532628473694, "Mode_F1": 0.06624089162574402, "Mode_TP_C": 133.375, "Mode_recall_C": 0.0783594561373222, "Purity": 0.18787767258646126, "AMI": 0.03306768433921484, "ARand": -0.004761065839643486, "ModeProb_TP": 9.049999999999999, "ModeProb_T": 134.475, "ModeProb_P": 94.05000000000001, "ModeProb_precision": 0.18546556743050668, "ModeProb_recall": 0.0653172811748171, "ModeProb_F1": 0.07672231683111277}, "6": {"IoU_TP": 1.125, "IoU_T": 134.575, "IoU_P": 33.3, "IoU_precision": 0.06368812187075068, "IoU_recall": 0.007627260570941161, "IoU_F1": 0.01127839426841731, "Mode_TP": 4.324999999999999, "Mode_T": 134.575, "Mode_P": 33.3, "Mode_precision": 0.31405657876841797, "Mode_recall": 0.031912037007817626, "Mode_F1": 0.04978395736452966, "Mode_TP_C": 178.0, "Mode_recall_C": 0.10261231764361402, "Purity": 0.15425298450115027, "AMI": 0.061162361343466635, "ARand": 0.0025777125808567015, "ModeProb_TP": 4.55, "ModeProb_T": 134.575, "ModeProb_P": 33.3, "ModeProb_precision": 0.27231799665945866, "ModeProb_recall": 0.03397553961190745, "ModeProb_F1": 0.05226262082517426}, "7": {"IoU_TP": 0.95, "IoU_T": 133.8, "IoU_P": 25.675, "IoU_precision": 0.06876588383340504, "IoU_recall": 0.006611457747277884, "IoU_F1": 0.010278202612259752, "Mode_TP": 4.275, "Mode_T": 133.8, "Mode_P": 25.675, "Mode_precision": 0.3709397046828246, "Mode_recall": 0.03195296830414487, "Mode_F1": 0.052912269573604856, "Mode_TP_C": 211.675, "Mode_recall_C": 0.11120443714903464, "Purity": 0.15257308538265732, "AMI": 0.08128212437160415, "ARand": 0.014770851689377588, "ModeProb_TP": 4.0, "ModeProb_T": 133.8, "ModeProb_P": 25.675, "ModeProb_precision": 0.3009677924212325, "ModeProb_recall": 0.029707138616904674, "ModeProb_F1": 0.048630934416982255}, "8": {"IoU_TP": 0.7749999999999999, "IoU_T": 134.675, "IoU_P": 11.45, "IoU_precision": 0.0845271614053841, "IoU_recall": 0.005372118136130238, "IoU_F1": 0.009536855100941929, "Mode_TP": 3.925, "Mode_T": 134.675, "Mode_P": 11.45, "Mode_precision": 0.5165231336488865, "Mode_recall": 0.029946419234561657, "Mode_F1": 0.05458992656159033, "Mode_TP_C": 248.10000000000002, "Mode_recall_C": 0.130504135153772, "Purity": 0.1509931170589157, "AMI": 0.09707290850699436, "ARand": 0.02415476225118479, "ModeProb_TP": 3.2750000000000004, "ModeProb_T": 134.675, "ModeProb_P": 11.45, "ModeProb_precision": 0.3761549134029488, "ModeProb_recall": 0.025127922198143325, "ModeProb_F1": 0.04533935079781389}, "9": {"IoU_TP": 0.65, "IoU_T": 135.925, "IoU_P": 8.025, "IoU_precision": 0.08837634220354808, "IoU_recall": 0.004244560900930769, "IoU_F1": 0.00800246982281564, "Mode_TP": 3.225, "Mode_T": 135.925, "Mode_P": 8.025, "Mode_precision": 0.46086612978524744, "Mode_recall": 0.024181160925259935, "Mode_F1": 0.045453785858051515, "Mode_TP_C": 240.85, "Mode_recall_C": 0.13051121205610872, "Purity": 0.1476395203491738, "AMI": 0.10653560608281562, "ARand": 0.027542642816545553, "ModeProb_TP": 2.625, "ModeProb_T": 135.925, "ModeProb_P": 8.025, "ModeProb_precision": 0.3562054154995331, "ModeProb_recall": 0.02005195028620592, "ModeProb_F1": 0.03754888395999273}, "10": {"IoU_TP": 0.45, "IoU_T": 136.55, "IoU_P": 6.125, "IoU_precision": 0.07900974025974025, "IoU_recall": 0.0030671837859301892, "IoU_F1": 0.005855944775183156, "Mode_TP": 2.8, "Mode_T": 136.55, "Mode_P": 6.125, "Mode_precision": 0.4970977633477633, "Mode_recall": 0.02064043206485788, "Mode_F1": 0.0393232456710053, "Mode_TP_C": 281.05, "Mode_recall_C": 0.13502648879937032, "Purity": 0.14864686237393335, "AMI": 0.10398495108903022, "ARand": 0.027692336099298432, "ModeProb_TP": 2.15, "ModeProb_T": 136.55, "ModeProb_P": 6.125, "ModeProb_precision": 0.3683824855699856, "ModeProb_recall": 0.016570976218709163, "ModeProb_F1": 0.0314816784023641}, "11": {"IoU_TP": 0.44999999999999996, "IoU_T": 135.95, "IoU_P": 6.1499999999999995, "IoU_precision": 0.07606331168831168, "IoU_recall": 0.0030745479168430186, "IoU_F1": 0.005874979357753162, "Mode_TP": 2.75, "Mode_T": 135.95, "Mode_P": 6.1499999999999995, "Mode_precision": 0.49010662948162953, "Mode_recall": 0.02102533332861573, "Mode_F1": 0.04003377587333904, "Mode_TP_C": 268.45, "Mode_recall_C": 0.13571488604055554, "Purity": 0.1500574461466378, "AMI": 0.10672176696573085, "ARand": 0.027962322432672056, "ModeProb_TP": 1.95, "ModeProb_T": 135.95, "ModeProb_P": 6.1499999999999995, "ModeProb_precision": 0.3372792485292485, "ModeProb_recall": 0.015699946207861696, "ModeProb_F1": 0.029776261105300336}, "12": {"IoU_TP": 0.45, "IoU_T": 134.2, "IoU_P": 5.0, "IoU_precision": 0.08863095238095238, "IoU_recall": 0.0031095698674081596, "IoU_F1": 0.005995471879524461, "Mode_TP": 2.775, "Mode_T": 134.2, "Mode_P": 5.0, "Mode_precision": 0.5752380952380953, "Mode_recall": 0.0208202761029301, "Mode_F1": 0.03995217975528472, "Mode_TP_C": 266.2, "Mode_recall_C": 0.1387957183003793, "Purity": 0.14963209934053165, "AMI": 0.10539113626841096, "ARand": 0.024297528422601654, "ModeProb_TP": 2.0749999999999997, "ModeProb_T": 134.2, "ModeProb_P": 5.0, "ModeProb_precision": 0.4072420634920635, "ModeProb_recall": 0.016414818370458915, "ModeProb_F1": 0.03136789638412661}, "13": {"IoU_TP": 0.25, "IoU_T": 133.875, "IoU_P": 4.4750000000000005, "IoU_precision": 0.06333333333333332, "IoU_recall": 0.001690113049602911, "IoU_F1": 0.003285847916544212, "Mode_TP": 2.4, "Mode_T": 133.875, "Mode_P": 4.4750000000000005, "Mode_precision": 0.5516964285714285, "Mode_recall": 0.018519655735002003, "Mode_F1": 0.03563126213260289, "Mode_TP_C": 250.84999999999997, "Mode_recall_C": 0.132453105941031, "Purity": 0.14355461318863844, "AMI": 0.10042362844322178, "ARand": 0.024486939692129655, "ModeProb_TP": 1.475, "ModeProb_T": 133.875, "ModeProb_P": 4.4750000000000005,