{"2": {"IoU_TP": 5.025, "IoU_T": 136.675, "IoU_P": 276.45, "IoU_precision": 0.019803382090106347, "IoU_recall": 0.03608831025797891, "IoU_F1": 0.02360630268102929, "Mode_TP": 13.9, "Mode_T": 136.675, "Mode_P": 276.45, "Mode_precision": 0.09208205451207115, "Mode_recall": 0.10117997668191578, "Mode_F1": 0.07313801115498697, "Mode_TP_C": 95.725, "Mode_recall_C": 0.0563706137264027, "Purity": 0.25422874902503617, "AMI": 0.010997249339954815, "ARand": -0.006595561631373318, "ModeProb_TP": 18.025, "ModeProb_T": 136.675, "ModeProb_P": 276.45, "ModeProb_precision": 0.10094318503780328, "ModeProb_recall": 0.12600753026622385, "ModeProb_F1": 0.09092618079605107}, "3": {"IoU_TP": 2.175, "IoU_T": 134.375, "IoU_P": 98.85, "IoU_precision": 0.06225507064507002, "IoU_recall": 0.016019822856636036, "IoU_F1": 0.014479907959261445, "Mode_TP": 6.199999999999999, "Mode_T": 134.375, "Mode_P": 98.85, "Mode_precision": 0.2718170640746563, "Mode_recall": 0.04649103852555292, "Mode_F1": 0.051596874228251634, "Mode_TP_C": 123.64999999999999, "Mode_recall_C": 0.08093337708268411, "Purity": 0.167472401092631, "AMI": 0.026318609012087622, "ARand": -0.004053913025875329, "ModeProb_TP": 7.55, "ModeProb_T": 134.375, "ModeProb_P": 98.85, "ModeProb_precision": 0.21224587304961218, "ModeProb_recall": 0.05448278408078603, "ModeProb_F1": 0.05786924735205376}, "4": {"IoU_TP": 1.3000000000000003, "IoU_T": 133.625, "IoU_P": 37.825, "IoU_precision": 0.1106830951538414, "IoU_recall": 0.009248693108687984, "IoU_F1": 0.013077507634657414, "Mode_TP": 4.0, "Mode_T": 133.625, "Mode_P": 37.825, "Mode_precision": 0.3746222474716878, "Mode_recall": 0.030617715785115553, "Mode_F1": 0.04758869539799365, "Mode_TP_C": 146.875, "Mode_recall_C": 0.09683741791477375, "Purity": 0.1397251793217553, "AMI": 0.056069938057447144, "ARand": 0.004197868070614542, "ModeProb_TP": 4.025, "ModeProb_T": 133.625, "ModeProb_P": 37.825, "ModeProb_precision": 0.31492842948209654, "ModeProb_recall": 0.030865810913927882, "ModeProb_F1": 0.046420827179063734}, "5": {"IoU_TP": 1.175, "IoU_T": 131.875, "IoU_P": 9.825000000000001, "IoU_precision": 0.1690712481986114, "IoU_recall": 0.008094967527429183, "IoU_F1": 0.014145447941606949, "Mode_TP": 3.55, "Mode_T": 131.875, "Mode_P": 9.825000000000001, "Mode_precision": 0.594562762816928, "Mode_recall": 0.028755270312428076, "Mode_F1": 0.052552388520210214, "Mode_TP_C": 228.6, "Mode_recall_C": 0.12120586109875083, "Purity": 0.13342341170144517, "AMI": 0.08008539075109743, "ARand": 0.01832531136055689, "ModeProb_TP": 2.8, "ModeProb_T": 131.875, "ModeProb_P": 9.825000000000001, "ModeProb_precision": 0.43211491851563544, "ModeProb_recall": 0.022492058403121983, "ModeProb_F1": 0.04066096597111025}, "6": {"IoU_TP": 0.8, "IoU_T": 133.125, "IoU_P": 6.35, "IoU_precision": 0.11480429292929292, "IoU_recall": 0.005742719982815659, "IoU_F1": 0.010819556526946241, "Mode_TP": 3.25, "Mode_T": 133.125, "Mode_P": 6.35, "Mode_precision": 0.5640349927849928, "Mode_recall": 0.025915963120648634, "Mode_F1": 0.048967771491356574, "Mode_TP_C": 229.15, "Mode_recall_C": 0.12244223547310351, "Purity": 0.1322789485772809, "AMI": 0.09253643001714298, "ARand": 0.020894478625246182, "ModeProb_TP": 2.725, "ModeProb_T": 133.125, "ModeProb_P": 6.35, "ModeProb_precision": 0.4263167388167388, "ModeProb_recall": 0.021598708742688752, "ModeProb_F1": 0.0406726479573521}, "7": {"IoU_TP": 0.9000000000000001, "IoU_T": 135.04999999999998, "IoU_P": 5.800000000000001, "IoU_precision": 0.1724702380952381, "IoU_recall": 0.006421639549410173, "IoU_F1": 0.012286714342522063, "Mode_TP": 3.125, "Mode_T": 135.04999999999998, "Mode_P": 5.800000000000001, "Mode_precision": 0.59053952991453, "Mode_recall": 0.024088135308585425, "Mode_F1": 0.045903031451352175, "Mode_TP_C": 237.225, "Mode_recall_C": 0.1221808967048737, "Purity": 0.13312512625567793, "AMI": 0.09715486032799496, "ARand": 0.021522023236345465, "ModeProb_TP": 2.125, "ModeProb_T": 135.04999999999998, "ModeProb_P": 5.800000000000001, "ModeProb_precision": 0.38278311965811973, "ModeProb_recall": 0.017246154761394385, "ModeProb_F1": 0.03271761623754269}, "8": {"IoU_TP": 0.625, "IoU_T": 134.075, "IoU_P": 4.95, "IoU_precision": 0.12420725108225107, "IoU_recall": 0.004101332402722639, "IoU_F1": 0.007862690197861458, "Mode_TP": 2.6, "Mode_T": 134.075, "Mode_P": 4.95, "Mode_precision": 0.5756980519480519, "Mode_recall": 0.02000024612727924, "Mode_F1": 0.038345069463887056, "Mode_TP_C": 242.775, "Mode_recall_C": 0.1221533969845441, "Purity": 0.13470676033026607, "AMI": 0.09195731123714979, "ARand": 0.023165473414758345, "ModeProb_TP": 1.7999999999999998, "ModeProb_T": 134.075, "ModeProb_P": 4.95, "ModeProb_precision": 0.36922168109668113, "ModeProb_recall": 0.014419583052360657, "ModeProb_F1": 0.027526012613953325}, "9": {"IoU_TP": 0.55, "IoU_T": 136.2, "IoU_P": 4.175, "IoU_precision": 0.12367063492063493, "IoU_recall": 0.00392443686249745, "IoU_F1": 0.007574061709790711, "Mode_TP": 2.225, "Mode_T": 136.2, "Mode_P": 4.175, "Mode_precision": 0.564404761904762, "Mode_recall": 0.016840753692877696, "Mode_F1": 0.03253785818926955, "Mode_TP_C": 239.72500000000002, "Mode_recall_C": 0.11964509761430452, "Purity": 0.13328906058353718, "AMI": 0.09249367119893709, "ARand": 0.020725734988390532, "ModeProb_TP": 1.5499999999999998, "ModeProb_T": 136.2, "ModeProb_P": 4.175, "ModeProb_precision": 0.37509920634920635, "ModeProb_recall": 0.012332715719019324, "ModeProb_F1": 0.02374839220439655}, "10": {"IoU_TP": 0.4, "IoU_T": 133.475, "IoU_P": 3.825, "IoU_precision": 0.10416666666666666, "IoU_recall": 0.002809287109672363, "IoU_F1": 0.0054551732563796265, "Mode_TP": 2.225, "Mode_T": 133.475, "Mode_P": 3.825, "Mode_precision": 0.6279166666666667, "Mode_recall": 0.017562597545414057, "Mode_F1": 0.03401281739619802, "Mode_TP_C": 217.50000000000003, "Mode_recall_C": 0.11526859252554296, "Purity": 0.129931652993497, "AMI": 0.0865921501425118, "ARand": 0.019153665530726716, "ModeProb_TP": 1.3250000000000002, "ModeProb_T": 133.475, "ModeProb_P": 3.825, "ModeProb_precision": 0.37750000000000006, "ModeProb_recall": 0.011186951155369539, "ModeProb_F1": 0.021611952696004317}, "11": {"IoU_TP": 0.3, "IoU_T": 133.32500000000002, "IoU_P": 3.875, "IoU_precision": 0.07791666666666666, "IoU_recall": 0.0021362174970051195, "IoU_F1": 0.004153234165233156, "Mode_TP": 2.025, "Mode_T": 133.32500000000002, "Mode_P": 3.875, "Mode_precision": 0.5901587301587302, "Mode_recall": 0.015960339345495046, "Mode_F1": 0.030957127924280146, "Mode_TP_C": 218.925, "Mode_recall_C": 0.11671557909449878, "Purity": 0.13299615573770873, "AMI": 0.07976097198778725, "ARand": 0.018588645060927556, "ModeProb_TP": 1.25, "ModeProb_T": 133.32500000000002, "ModeProb_P": 3.875, "ModeProb_precision": 0.37117063492063496, "ModeProb_recall": 0.010610199826211093, "ModeProb_F1": 0.020535141373565123}, "12": {"IoU_TP": 0.25, "IoU_T": 135.05, "IoU_P": 3.275, "IoU_precision": 0.06499999999999999, "IoU_recall": 0.0018590544739352701, "IoU_F1": 0.0036080528154835384, "Mode_TP": 2.0500000000000003, "Mode_T": 135.05, "Mode_P": 3.275, "Mode_precision": 0.635, "Mode_recall": 0.01620000439658933, "Mode_F1": 0.03145822680138348, "Mode_TP_C": 228.1, "Mode_recall_C": 0.11755345730281011, "Purity": 0.12868290879135183, "AMI": 0.07723814489391198, "ARand": 0.016292437429943473, "ModeProb_TP": 1.225, "ModeProb_T": 135.05, "ModeProb_P": 3.275, "ModeProb_precision": 0.39083333333333337, "ModeProb_recall": 0.010491334805886881, "ModeProb_F1": 0.02033072898305625}, "13": {"IoU_TP": 0.375, "IoU_T": 134.375, "IoU_P": 3.5250000000000004, "IoU_precision": 0.09333333333333332, "IoU_recall": 0.0026193368638436194, "IoU_F1": 0.005090192482764327, "Mode_TP": 2.075, "Mode_T": 134.375, "Mode_P": 3.5250000000000004, "Mode_precision": 0.6025, "Mode_recall": 0.01583104774797072, "Mode_F1": 0.03071602009178448, "Mode_TP_C": 210.95000000000002, "Mode_recall_C": 0.11073606342440322, "Purity": 0.1279549644165598, "AMI": 0.08057874075591753, "ARand": 0.015442914804158272, "ModeProb_TP": 1.3,