{"2": {"IoU_TP": 3.6, "IoU_T": 56.525000000000006, "IoU_P": 26.1, "IoU_precision": 0.12626970694276837, "IoU_recall": 0.06347999755485301, "IoU_F1": 0.07912715572769637, "Mode_TP": 8.375, "Mode_T": 56.525000000000006, "Mode_P": 26.1, "Mode_precision": 0.3528811935550168, "Mode_recall": 0.14420454889462148, "Mode_F1": 0.1847528127963306, "Mode_TP_C": 44.025000000000006, "Mode_recall_C": 0.1715307911251362, "Purity": 0.32116363580943075, "AMI": 0.13224847429288406, "ARand": 0.044507133352790954, "ModeProb_TP": 8.875, "ModeProb_T": 56.525000000000006, "ModeProb_P": 26.1, "ModeProb_precision": 0.36491071107904305, "ModeProb_recall": 0.1590455881280463, "ModeProb_F1": 0.20273206636582947}, "3": {"IoU_TP": 2.1, "IoU_T": 57.449999999999996, "IoU_P": 12.2, "IoU_precision": 0.160457619851507, "IoU_recall": 0.03567983951183372, "IoU_F1": 0.05506272048145195, "Mode_TP": 5.375, "Mode_T": 57.449999999999996, "Mode_P": 12.2, "Mode_precision": 0.46557567758011126, "Mode_recall": 0.0932037821897446, "Mode_F1": 0.14658774297276073, "Mode_TP_C": 48.900000000000006, "Mode_recall_C": 0.18314686285973086, "Purity": 0.25553638300676984, "AMI": 0.12162192461972282, "ARand": 0.048405802961970175, "ModeProb_TP": 5.25, "ModeProb_T": 57.449999999999996, "ModeProb_P": 12.2, "ModeProb_precision": 0.4460413570982793, "ModeProb_recall": 0.09520298103405156, "ModeProb_F1": 0.1489627711082489}, "4": {"IoU_TP": 1.1, "IoU_T": 56.925000000000004, "IoU_P": 7.85, "IoU_precision": 0.14465406325700442, "IoU_recall": 0.016356049044849514, "IoU_F1": 0.028124254551361826, "Mode_TP": 3.6250000000000004, "Mode_T": 56.925000000000004, "Mode_P": 7.85, "Mode_precision": 0.4929215963774787, "Mode_recall": 0.0634340595541503, "Mode_F1": 0.10884061940276343, "Mode_TP_C": 40.925, "Mode_recall_C": 0.15691535778923912, "Purity": 0.21646492011225527, "AMI": 0.09320254719730846, "ARand": 0.02687061452526622, "ModeProb_TP": 2.9499999999999997, "ModeProb_T": 56.925000000000004, "ModeProb_P": 7.85, "ModeProb_precision": 0.374795376192435, "ModeProb_recall": 0.05125784316188913, "ModeProb_F1": 0.08773654221628384}, "5": {"IoU_TP": 1.075, "IoU_T": 55.85, "IoU_P": 6.4, "IoU_precision": 0.13723866411366412, "IoU_recall": 0.017970086375324695, "IoU_F1": 0.03090322199707888, "Mode_TP": 3.4, "Mode_T": 55.85, "Mode_P": 6.4, "Mode_precision": 0.5376814158064158, "Mode_recall": 0.06261682289533241, "Mode_F1": 0.10947238698998835, "Mode_TP_C": 41.65, "Mode_recall_C": 0.15988395402464156, "Purity": 0.21632243401958617, "AMI": 0.10284268452988464, "ARand": 0.028984950802929066, "ModeProb_TP": 2.875, "ModeProb_T": 55.85, "ModeProb_P": 6.4, "ModeProb_precision": 0.4454682123432123, "ModeProb_recall": 0.056402551175241164, "ModeProb_F1": 0.09809599259871933}, "6": {"IoU_TP": 0.725, "IoU_T": 57.85, "IoU_P": 4.175, "IoU_precision": 0.13557539682539682, "IoU_recall": 0.010837716783347261, "IoU_F1": 0.01967257242850258, "Mode_TP": 2.85, "Mode_T": 57.85, "Mode_P": 4.175, "Mode_precision": 0.7130059523809523, "Mode_recall": 0.051194899217335006, "Mode_F1": 0.09381057697077534, "Mode_TP_C": 37.075, "Mode_recall_C": 0.14675308042875598, "Purity": 0.1746630536246303, "AMI": 0.07896989455657848, "ARand": 0.01928045357981409, "ModeProb_TP": 1.85, "ModeProb_T": 57.85, "ModeProb_P": 4.175, "ModeProb_precision": 0.4694742063492062, "ModeProb_recall": 0.03442088956484122, "ModeProb_F1": 0.06299268341641684}, "7": {"IoU_TP": 0.5, "IoU_T": 56.975, "IoU_P": 3.9000000000000004, "IoU_precision": 0.09985119047619047, "IoU_recall": 0.00745195802173258, "IoU_F1": 0.013646182545245729, "Mode_TP": 2.425, "Mode_T": 56.975, "Mode_P": 3.9000000000000004, "Mode_precision": 0.6581547619047619, "Mode_recall": 0.043974494200279976, "Mode_F1": 0.08093456801516008, "Mode_TP_C": 38.175, "Mode_recall_C": 0.1466891936813279, "Purity": 0.17708769595155785, "AMI": 0.07440642244741119, "ARand": 0.018602633154679315, "ModeProb_TP": 1.9000000000000001, "ModeProb_T": 56.975, "ModeProb_P": 3.9000000000000004, "ModeProb_precision": 0.5064583333333332, "ModeProb_recall": 0.03606253627544295, "ModeProb_F1": 0.06603801162914655}, "8": {"IoU_TP": 0.6000000000000001, "IoU_T": 55.925, "IoU_P": 3.8, "IoU_precision": 0.12958333333333336, "IoU_recall": 0.00979239083365811, "IoU_F1": 0.01795606609558087, "Mode_TP": 2.8, "Mode_T": 55.925, "Mode_P": 3.8, "Mode_precision": 0.7725, "Mode_recall": 0.05351226402227177, "Mode_F1": 0.09866946766524096, "Mode_TP_C": 39.65, "Mode_recall_C": 0.16213635882318414, "Purity": 0.18447923905121852, "AMI": 0.09291375708364887, "ARand": 0.027760222838528595, "ModeProb_TP": 2.2, "ModeProb_T": 55.925, "ModeProb_P": 3.8, "ModeProb_precision": 0.6029166666666668, "ModeProb_recall": 0.04436090672701289, "ModeProb_F1": 0.08149081966914345}, "9": {"IoU_TP": 0.625, "IoU_T": 56.175000000000004, "IoU_P": 3.425, "IoU_precision": 0.14875, "IoU_recall": 0.009744063008752041, "IoU_F1": 0.018150318753342526, "Mode_TP": 2.475, "Mode_T": 56.175000000000004, "Mode_P": 3.425, "Mode_precision": 0.7554166666666666, "Mode_recall": 0.04444391014268165, "Mode_F1": 0.08304426503697904, "Mode_TP_C": 39.900000000000006, "Mode_recall_C": 0.15904010397845786, "Purity": 0.18864165239692213, "AMI": 0.08483190154181569, "ARand": 0.018372088625884665, "ModeProb_TP": 1.7750000000000001, "ModeProb_T": 56.175000000000004, "ModeProb_P": 3.425, "ModeProb_precision": 0.5700000000000001, "ModeProb_recall": 0.03504683811327657, "ModeProb_F1": 0.06525230150872163}, "10": {"IoU_TP": 0.425, "IoU_T": 56.325, "IoU_P": 3.075, "IoU_precision": 0.11291666666666665, "IoU_recall": 0.007115215626565266, "IoU_F1": 0.013287037431940693, "Mode_TP": 2.3, "Mode_T": 56.325, "Mode_P": 3.075, "Mode_precision": 0.7995833333333334, "Mode_recall": 0.04301725312089889, "Mode_F1": 0.08086003815661086, "Mode_TP_C": 35.775, "Mode_recall_C": 0.14909650440907346, "Purity": 0.16975146536706712, "AMI": 0.07342436120875967, "ARand": 0.013878029266490944, "ModeProb_TP": 1.575, "ModeProb_T": 56.325, "ModeProb_P": 3.075, "ModeProb_precision": 0.5866666666666667, "ModeProb_recall": 0.030864266995953616, "ModeProb_F1": 0.05807519544588556}, "11": {"IoU_TP": 0.4, "IoU_T": 55.65, "IoU_P": 3.05, "IoU_precision": 0.11083333333333333, "IoU_recall": 0.006857148398240777, "IoU_F1": 0.01280398458876614, "Mode_TP": 2.0500000000000003, "Mode_T": 55.65, "Mode_P": 3.05, "Mode_precision": 0.71875, "Mode_recall": 0.03953261410512947, "Mode_F1": 0.07402659022967101, "Mode_TP_C": 33.425, "Mode_recall_C": 0.13780924426697114, "Purity": 0.16418338265994697, "AMI": 0.06797435372257767, "ARand": 0.013477125594910076, "ModeProb_TP": 1.5750000000000002, "ModeProb_T": 55.65, "ModeProb_P": 3.05, "ModeProb_precision": 0.585, "ModeProb_recall": 0.032218019954935485, "ModeProb_F1": 0.06032253965147689}, "12": {"IoU_TP": 0.375, "IoU_T": 57.974999999999994, "IoU_P": 2.5999999999999996, "IoU_precision": 0.10833333333333331, "IoU_recall": 0.005526987214166982, "IoU_F1": 0.010456132373600723, "Mode_TP": 2.0, "Mode_T": 57.974999999999994, "Mode_P": 2.5999999999999996, "Mode_precision": 0.8145833333333333, "Mode_recall": 0.03511769071144952, "Mode_F1": 0.06687010189775601, "Mode_TP_C": 34.925, "Mode_recall_C": 0.1415009927227694, "Purity": 0.16710224755537917, "AMI": 0.06293178388074992, "ARand": 0.008733933183247377, "ModeProb_TP": 1.35, "ModeProb_T": 57.974999999999994, "ModeProb_P": 2.5999999999999996, "ModeProb_precision": 0.6020833333333333, "ModeProb_recall": 0.026711571535526904, "ModeProb_F1": 0.050715754544802705}, "13": {"IoU_TP": 0.275, "IoU_T": 56.224999999999994, "IoU_P": 2.5749999999999997, "IoU_precision": 0.08333333333333331, "IoU_recall": 0.003984041229323564, "IoU_F1": 0.0075444394847112095, "Mode_TP": 2.025, "Mode_T": 56.224999999999994, "Mode_P": 2.5749999999999997, "Mode_precision": 0.8312499999999999, "Mode_recall": 0.03693371094744033, "Mode_F1": 0.07019710342116701, "Mode_TP_C": 34.275, "Mode_recall_C": 0.13897807464265502, "Purity": 0.15840506847362862, "AMI": 0.0555596628383119, "ARand": 0.008143145664666842,