{"2": {"IoU_TP": 4.525, "IoU_T": 135.25, "IoU_P": 282.375, "IoU_precision": 0.015036368694058899, "IoU_recall": 0.03171895124586217, "IoU_F1": 0.019520430699248296, "Mode_TP": 13.774999999999999, "Mode_T": 135.25, "Mode_P": 282.375, "Mode_precision": 0.05895361615070716, "Mode_recall": 0.09849503063503193, "Mode_F1": 0.06544544395963417, "Mode_TP_C": 105.625, "Mode_recall_C": 0.05699685233008451, "Purity": 0.2694331833477272, "AMI": 0.01496096044063399, "ARand": -0.0072212165729606675, "ModeProb_TP": 17.6, "ModeProb_T": 135.25, "ModeProb_P": 282.375, "ModeProb_precision": 0.07725964460333076, "ModeProb_recall": 0.12671468280881243, "ModeProb_F1": 0.08434732969067504}, "3": {"IoU_TP": 1.9249999999999998, "IoU_T": 134.32500000000002, "IoU_P": 108.625, "IoU_precision": 0.0662655662711045, "IoU_recall": 0.013571364552081688, "IoU_F1": 0.012546074457785425, "Mode_TP": 6.074999999999999, "Mode_T": 134.32500000000002, "Mode_P": 108.625, "Mode_precision": 0.24542196418079812, "Mode_recall": 0.0439121296596998, "Mode_F1": 0.04862929097345458, "Mode_TP_C": 145.95, "Mode_recall_C": 0.08602307508492905, "Purity": 0.1823378649371345, "AMI": 0.01933586113439109, "ARand": -0.006622534232392654, "ModeProb_TP": 8.2, "ModeProb_T": 134.32500000000002, "ModeProb_P": 108.625, "ModeProb_precision": 0.23265176010930522, "ModeProb_recall": 0.057861686913427954, "ModeProb_F1": 0.062258051542840094}, "4": {"IoU_TP": 1.075, "IoU_T": 135.72500000000002, "IoU_P": 46.15, "IoU_precision": 0.038707332007621886, "IoU_recall": 0.007432464273663169, "IoU_F1": 0.009444005112962017, "Mode_TP": 4.525, "Mode_T": 135.72500000000002, "Mode_P": 46.15, "Mode_precision": 0.3076418727274017, "Mode_recall": 0.03289501600810919, "Mode_F1": 0.04820265121729722, "Mode_TP_C": 206.9, "Mode_recall_C": 0.10968742665136177, "Purity": 0.1581999068349579, "AMI": 0.059179155454890026, "ARand": 0.0069501541163836614, "ModeProb_TP": 4.85, "ModeProb_T": 135.72500000000002, "ModeProb_P": 46.15, "ModeProb_precision": 0.24874988365828274, "ModeProb_recall": 0.035385680529978036, "ModeProb_F1": 0.05074403233222247}, "5": {"IoU_TP": 1.025, "IoU_T": 133.225, "IoU_P": 12.325000000000001, "IoU_precision": 0.13092059439098913, "IoU_recall": 0.0070086298905529115, "IoU_F1": 0.012569957486194942, "Mode_TP": 3.375, "Mode_T": 133.225, "Mode_P": 12.325000000000001, "Mode_precision": 0.43265079219026586, "Mode_recall": 0.02541117781652847, "Mode_F1": 0.04578698854629143, "Mode_TP_C": 229.54999999999998, "Mode_recall_C": 0.11929217090977463, "Purity": 0.1410721152672657, "AMI": 0.09127545447272248, "ARand": 0.021908139484039822, "ModeProb_TP": 2.9499999999999997, "ModeProb_T": 133.225, "ModeProb_P": 12.325000000000001, "ModeProb_precision": 0.3201695709261499, "ModeProb_recall": 0.02186162005368678, "ModeProb_F1": 0.03903282954075521}, "6": {"IoU_TP": 0.7, "IoU_T": 135.1, "IoU_P": 7.55, "IoU_precision": 0.08821717498188086, "IoU_recall": 0.004990914544318346, "IoU_F1": 0.009320137239298474, "Mode_TP": 2.975, "Mode_T": 135.1, "Mode_P": 7.55, "Mode_precision": 0.45253391624715156, "Mode_recall": 0.022863954959701668, "Mode_F1": 0.04291073870842059, "Mode_TP_C": 241.125, "Mode_recall_C": 0.12912214477023462, "Purity": 0.14172369713968266, "AMI": 0.09621577683841002, "ARand": 0.024969220857189417, "ModeProb_TP": 2.5, "ModeProb_T": 135.1, "ModeProb_P": 7.55, "ModeProb_precision": 0.34332494099038213, "ModeProb_recall": 0.019449099752179073, "ModeProb_F1": 0.036292033353758815}, "7": {"IoU_TP": 0.7, "IoU_T": 135.125, "IoU_P": 6.375, "IoU_precision": 0.09118274087024088, "IoU_recall": 0.004855684081819903, "IoU_F1": 0.009113476723401692, "Mode_TP": 2.8499999999999996, "Mode_T": 135.125, "Mode_P": 6.375, "Mode_precision": 0.4888166000666, "Mode_recall": 0.021622024486679988, "Mode_F1": 0.040920609231728904, "Mode_TP_C": 258.6, "Mode_recall_C": 0.13128229789450352, "Purity": 0.1446287922691767, "AMI": 0.0990238530112093, "ARand": 0.026550939090040408, "ModeProb_TP": 2.325, "ModeProb_T": 135.125, "ModeProb_P": 6.375, "ModeProb_precision": 0.36762359168609166, "ModeProb_recall": 0.017578885409660485, "ModeProb_F1": 0.03317117476134985}, "8": {"IoU_TP": 0.6, "IoU_T": 134.0, "IoU_P": 5.325, "IoU_precision": 0.10559523809523808, "IoU_recall": 0.004162294691133892, "IoU_F1": 0.007985638629137481, "Mode_TP": 2.575, "Mode_T": 134.0, "Mode_P": 5.325, "Mode_precision": 0.49085317460317457, "Mode_recall": 0.019426091021598604, "Mode_F1": 0.037161955427225106, "Mode_TP_C": 253.42499999999998, "Mode_recall_C": 0.130784316424631, "Purity": 0.14486727027125842, "AMI": 0.10809974864302815, "ARand": 0.025848155604888318, "ModeProb_TP": 2.075, "ModeProb_T": 134.0, "ModeProb_P": 5.325, "ModeProb_precision": 0.38365079365079363, "ModeProb_recall": 0.01645866496544578, "ModeProb_F1": 0.03135629421313894}, "9": {"IoU_TP": 0.6749999999999999, "IoU_T": 134.05, "IoU_P": 4.7749999999999995, "IoU_precision": 0.13384920634920636, "IoU_recall": 0.0047554027736421275, "IoU_F1": 0.009156568890195465, "Mode_TP": 2.6, "Mode_T": 134.05, "Mode_P": 4.7749999999999995, "Mode_precision": 0.5547619047619048, "Mode_recall": 0.019555749111473158, "Mode_F1": 0.03755529171449257, "Mode_TP_C": 260.975, "Mode_recall_C": 0.13223295102636798, "Purity": 0.1433684940716764, "AMI": 0.10906255924080785, "ARand": 0.025694078486681482, "ModeProb_TP": 1.775, "ModeProb_T": 134.05, "ModeProb_P": 4.7749999999999995, "ModeProb_precision": 0.3596626984126984, "ModeProb_recall": 0.014222654479046845, "ModeProb_F1": 0.027191934591527724}, "10": {"IoU_TP": 0.35, "IoU_T": 136.25, "IoU_P": 4.325, "IoU_precision": 0.08083333333333334, "IoU_recall": 0.0022677224370762916, "IoU_F1": 0.004405793993450426, "Mode_TP": 2.45, "Mode_T": 136.25, "Mode_P": 4.325, "Mode_precision": 0.5727777777777778, "Mode_recall": 0.018288908056996584, "Mode_F1": 0.035291889346658334, "Mode_TP_C": 285.625, "Mode_recall_C": 0.13807250137275795, "Purity": 0.14796270194327843, "AMI": 0.1042163073643319, "ARand": 0.02543707289209631, "ModeProb_TP": 1.5750000000000002, "ModeProb_T": 136.25, "ModeProb_P": 4.325, "ModeProb_precision": 0.3655555555555555, "ModeProb_recall": 0.012600342103258317, "ModeProb_F1": 0.024243954741615406}, "11": {"IoU_TP": 0.5, "IoU_T": 136.9, "IoU_P": 4.025, "IoU_precision": 0.11958333333333333, "IoU_recall": 0.003372401665691126, "IoU_F1": 0.006549195580558874, "Mode_TP": 2.475, "Mode_T": 136.9, "Mode_P": 4.025, "Mode_precision": 0.6206547619047619, "Mode_recall": 0.018696942981662128, "Mode_F1": 0.036192148487230506, "Mode_TP_C": 259.32500000000005, "Mode_recall_C": 0.13337830348681154, "Purity": 0.14189027793634978, "AMI": 0.1036418866424558, "ARand": 0.023159034660146852, "ModeProb_TP": 1.4249999999999998, "ModeProb_T": 136.9, "ModeProb_P": 4.025, "ModeProb_precision": 0.35535714285714287, "ModeProb_recall": 0.011538104018977553, "ModeProb_F1": 0.02227119100253662}, "12": {"IoU_TP": 0.39999999999999997, "IoU_T": 135.925, "IoU_P": 3.7, "IoU_precision": 0.10916666666666666, "IoU_recall": 0.002669654168476839, "IoU_F1": 0.00520774663553633, "Mode_TP": 2.35, "Mode_T": 135.925, "Mode_P": 3.7, "Mode_precision": 0.6510416666666667, "Mode_recall": 0.01789760206853148, "Mode_F1": 0.03471734838425748, "Mode_TP_C": 276.8, "Mode_recall_C": 0.1376527300224338, "Purity": 0.14648039635347854, "AMI": 0.0952129475799813, "ARand": 0.020374786308107802, "ModeProb_TP": 1.325, "ModeProb_T": 135.925, "ModeProb_P": 3.7, "ModeProb_precision": 0.37583333333333335, "ModeProb_recall": 0.010550222565628183, "ModeProb_F1": 0.020443428292870332}, "13": {"IoU_TP": 0.30000000000000004, "IoU_T": 135.275, "IoU_P": 3.65, "IoU_precision": 0.0775, "IoU_recall": 0.0021033661807394206, "IoU_F1": 0.004092252011637147, "Mode_TP": 2.225, "Mode_T": 135.275, "Mode_P": 3.65, "Mode_precision": 0.6233928571428571, "Mode_recall": 0.01737861237215796, "Mode_F1": 0.03372086474736182, "Mode_TP_C": 239.175, "Mode_recall_C": 0.13073013977029502, "Purity": 0.14392858309348008, "AMI": 0.08490701547858788, "ARand": 0.016595361564100627,