{"2": {"IoU_TP": 3.65, "IoU_T": 156.475, "IoU_P": 3616.675, "IoU_precision": 0.001195159915251114, "IoU_recall": 0.022350662249974625, "IoU_F1": 0.002239586968733708, "Mode_TP": 13.100000000000001, "Mode_T": 156.475, "Mode_P": 3616.675, "Mode_precision": 0.004647095199303621, "Mode_recall": 0.08131099392119423, "Mode_F1": 0.008665698036897167, "Mode_TP_C": 5559.475, "Mode_recall_C": 0.19126913893107758, "Purity": 0.6009772823554407, "AMI": 0.030275658628707253, "ARand": 0.0027571619533935518, "ModeProb_TP": 18.425, "ModeProb_T": 156.475, "ModeProb_P": 3616.675, "ModeProb_precision": 0.006328205699530039, "ModeProb_recall": 0.11708101419289887, "ModeProb_F1": 0.011827450010092338}, "3": {"IoU_TP": 1.35, "IoU_T": 156.375, "IoU_P": 1946.4, "IoU_precision": 0.04323626808415577, "IoU_recall": 0.00977392722474424, "IoU_F1": 0.004157746828036494, "Mode_TP": 4.8, "Mode_T": 156.375, "Mode_P": 1946.4, "Mode_precision": 0.050867214965727194, "Mode_recall": 0.02982792985979609, "Mode_F1": 0.00917449763502625, "Mode_TP_C": 11344.05, "Mode_recall_C": 0.3054583491292418, "Purity": 0.5656233946584738, "AMI": 0.03018898200694243, "ARand": 0.003009067010688893, "ModeProb_TP": 10.075, "ModeProb_T": 156.375, "ModeProb_P": 1946.4, "ModeProb_precision": 0.07492630232019241, "ModeProb_recall": 0.06446786784654973, "ModeProb_F1": 0.015990957180397846}, "4": {"IoU_TP": 1.175, "IoU_T": 152.075, "IoU_P": 843.675, "IoU_precision": 0.06374393217586127, "IoU_recall": 0.009411684318125658, "IoU_F1": 0.008227547469229012, "Mode_TP": 3.0, "Mode_T": 152.075, "Mode_P": 843.675, "Mode_precision": 0.08911899465125467, "Mode_recall": 0.02037700464879874, "Mode_F1": 0.013327816776769582, "Mode_TP_C": 12269.25, "Mode_recall_C": 0.37110514508018677, "Purity": 0.515482759575676, "AMI": 0.03456823221306489, "ARand": 0.009034459629305045, "ModeProb_TP": 6.174999999999999, "ModeProb_T": 152.075, "ModeProb_P": 843.675, "ModeProb_precision": 0.14600745656165465, "ModeProb_recall": 0.0402755504412976, "ModeProb_F1": 0.025155246187002166}, "5": {"IoU_TP": 0.925, "IoU_T": 156.47500000000002, "IoU_P": 419.07500000000005, "IoU_precision": 0.10637794666886526, "IoU_recall": 0.007477889731948362, "IoU_F1": 0.009279051673529007, "Mode_TP": 1.8499999999999999, "Mode_T": 156.47500000000002, "Mode_P": 419.07500000000005, "Mode_precision": 0.1670481385449667, "Mode_recall": 0.012850137357528615, "Mode_F1": 0.014178208515278679, "Mode_TP_C": 17031.375, "Mode_recall_C": 0.4397596366445674, "Purity": 0.5140818079463773, "AMI": 0.02739930346111265, "ARand": 0.012261170465423231, "ModeProb_TP": 3.7750000000000004, "ModeProb_T": 156.47500000000002, "ModeProb_P": 419.07500000000005, "ModeProb_precision": 0.23793119585608083, "ModeProb_recall": 0.02572449446929938, "ModeProb_F1": 0.023784719754330694}, "6": {"IoU_TP": 0.725, "IoU_T": 155.65, "IoU_P": 101.875, "IoU_precision": 0.12151064544796368, "IoU_recall": 0.006278856127933147, "IoU_F1": 0.010751337250920628, "Mode_TP": 1.7, "Mode_T": 155.65, "Mode_P": 101.875, "Mode_precision": 0.23817237211365988, "Mode_recall": 0.011880718326512763, "Mode_F1": 0.01969806572566894, "Mode_TP_C": 16826.4, "Mode_recall_C": 0.48165851338871435, "Purity": 0.5084866457349208, "AMI": 0.038109493485525364, "ARand": 0.022064207192578462, "ModeProb_TP": 2.6999999999999997, "ModeProb_T": 155.65, "ModeProb_P": 101.875, "ModeProb_precision": 0.3372015805326445, "ModeProb_recall": 0.018799613151684803, "ModeProb_F1": 0.030031606270232762}, "7": {"IoU_TP": 0.925, "IoU_T": 154.60000000000002, "IoU_P": 9.425, "IoU_precision": 0.1558175352912195, "IoU_recall": 0.007402590553026297, "IoU_F1": 0.013743909100526579, "Mode_TP": 1.7000000000000002, "Mode_T": 154.60000000000002, "Mode_P": 9.425, "Mode_precision": 0.2793032809052546, "Mode_recall": 0.01177405570058637, "Mode_F1": 0.021984672252337165, "Mode_TP_C": 20313.800000000003, "Mode_recall_C": 0.4782975536817902, "Purity": 0.49306694520687994, "AMI": 0.0422149432572409, "ARand": 0.028209613478051173, "ModeProb_TP": 2.2, "ModeProb_T": 154.60000000000002, "ModeProb_P": 9.425, "ModeProb_precision": 0.36162341216288585, "ModeProb_recall": 0.015999867150621457, "ModeProb_F1": 0.029705973771238514}, "8": {"IoU_TP": 0.725, "IoU_T": 154.39999999999998, "IoU_P": 8.6, "IoU_precision": 0.1427876984126984, "IoU_recall": 0.0064137808647583726, "IoU_F1": 0.012015284327461571, "Mode_TP": 1.525, "Mode_T": 154.39999999999998, "Mode_P": 8.6, "Mode_precision": 0.2490642098914158, "Mode_recall": 0.011111025942984605, "Mode_F1": 0.020800556629833235, "Mode_TP_C": 17932.075, "Mode_recall_C": 0.48042036692802853, "Purity": 0.49823526715995015, "AMI": 0.05026021689037818, "ARand": 0.02974121359565782, "ModeProb_TP": 1.975, "ModeProb_T": 154.39999999999998, "ModeProb_P": 8.6, "ModeProb_precision": 0.3416692784339843, "ModeProb_recall": 0.014963076258061533, "ModeProb_F1": 0.028196947694752367}, "9": {"IoU_TP": 0.775, "IoU_T": 156.475, "IoU_P": 8.0, "IoU_precision": 0.15018967143967143, "IoU_recall": 0.006180219848684908, "IoU_F1": 0.01166470952035711, "Mode_TP": 1.45, "Mode_T": 156.475, "Mode_P": 8.0, "Mode_precision": 0.25805683899433896, "Mode_recall": 0.01080107128061061, "Mode_F1": 0.020437424947302392, "Mode_TP_C": 17181.274999999998, "Mode_recall_C": 0.490805525224359, "Purity": 0.5086159388744702, "AMI": 0.05304075326073764, "ARand": 0.03213565030868549, "ModeProb_TP": 1.975, "ModeProb_T": 156.475, "ModeProb_P": 8.0, "ModeProb_precision": 0.34423930236430234, "ModeProb_recall": 0.014558534705365158, "ModeProb_F1": 0.027425452969087636}, "10": {"IoU_TP": 0.8250000000000001, "IoU_T": 154.775, "IoU_P": 8.875, "IoU_precision": 0.1294082525661473, "IoU_recall": 0.0063490825508621855, "IoU_F1": 0.011773447376659122, "Mode_TP": 1.7000000000000002, "Mode_T": 154.775, "Mode_P": 8.875, "Mode_precision": 0.2454668467497415, "Mode_recall": 0.01170799874216695, "Mode_F1": 0.021865815662886985, "Mode_TP_C": 18838.075, "Mode_recall_C": 0.4696857898715902, "Purity": 0.4957173797484547, "AMI": 0.06157700571881579, "ARand": 0.04444475987371417, "ModeProb_TP": 2.3000000000000003, "ModeProb_T": 154.775, "ModeProb_P": 8.875, "ModeProb_precision": 0.3396989560147455, "ModeProb_recall": 0.016781762587096773, "ModeProb_F1": 0.031213169085434724}, "11": {"IoU_TP": 0.8, "IoU_T": 154.7, "IoU_P": 10.2, "IoU_precision": 0.13384419381787802, "IoU_recall": 0.006858811069584552, "IoU_F1": 0.012662720436894013, "Mode_TP": 1.6, "Mode_T": 154.7, "Mode_P": 10.2, "Mode_precision": 0.23325837907140964, "Mode_recall": 0.01164567701250798, "Mode_F1": 0.021520751642792386, "Mode_TP_C": 15101.100000000002, "Mode_recall_C": 0.4584639544359459, "Purity": 0.4996480867136315, "AMI": 0.06945002207560762, "ARand": 0.04738466264409573, "ModeProb_TP": 2.0749999999999997, "ModeProb_T": 154.7, "ModeProb_P": 10.2, "ModeProb_precision": 0.30212301443604495, "ModeProb_recall": 0.01591675033322195, "ModeProb_F1": 0.029244414404475463}, "12": {"IoU_TP": 0.575, "IoU_T": 154.60000000000002, "IoU_P": 8.875, "IoU_precision": 0.10467857650306499, "IoU_recall": 0.00500454515391409, "IoU_F1": 0.00909412272545547, "Mode_TP": 1.2750000000000001, "Mode_T": 154.60000000000002, "Mode_P": 8.875, "Mode_precision": 0.21238725997645436, "Mode_recall": 0.00913496403815297, "Mode_F1": 0.016948073829237974, "Mode_TP_C": 16382.675000000001, "Mode_recall_C": 0.4553622230220968, "Purity": 0.49675789911629376, "AMI": 0.06506248613650606, "ARand": 0.0492665461177772, "ModeProb_TP": 1.9749999999999999, "ModeProb_T": 154.60000000000002, "ModeProb_P": 8.875, "ModeProb_precision": 0.32405919396744204, "ModeProb_recall": 0.01497992508679181, "ModeProb_F1": 0.027409609301869784}, "13": {"IoU_TP": 0.575, "IoU_T": 155.60000000000002, "IoU_P": 8.925, "IoU_precision": 0.09032380555890618, "IoU_recall": 0.005001209279122665, "IoU_F1": 0.009172664584857217, "Mode_TP": 1.175, "Mode_T": 155.60000000000002, "Mode_P": 8.925, "Mode_precision": 0.18367201984462045, "Mode_recall": 0.008583544738492726, "Mode_F1": 0.015975694152694574,