{"2": {"IoU_TP": 2.7750000000000004, "IoU_T": 41.475, "IoU_P": 169.875, "IoU_precision": 0.012504804432876904, "IoU_recall": 0.05666593407342414, "IoU_F1": 0.020435501025738892, "Mode_TP": 6.0249999999999995, "Mode_T": 41.475, "Mode_P": 169.875, "Mode_precision": 0.07381007026752202, "Mode_recall": 0.13098975925362075, "Mode_F1": 0.05583489995764758, "Mode_TP_C": 228.625, "Mode_recall_C": 0.12835349762173684, "Purity": 0.33836957942803125, "AMI": 0.12375326493968647, "ARand": 0.016619036320456297, "ModeProb_TP": 9.175, "ModeProb_T": 41.475, "ModeProb_P": 169.875, "ModeProb_precision": 0.09320222347204692, "ModeProb_recall": 0.20086184245164293, "ModeProb_F1": 0.08237802622722648}, "3": {"IoU_TP": 2.875, "IoU_T": 40.825, "IoU_P": 45.025, "IoU_precision": 0.07400639772817953, "IoU_recall": 0.056537824673979706, "IoU_F1": 0.045451646978386544, "Mode_TP": 4.775, "Mode_T": 40.825, "Mode_P": 45.025, "Mode_precision": 0.20382990299789122, "Mode_recall": 0.10329271970408178, "Mode_F1": 0.0967487344431384, "Mode_TP_C": 293.475, "Mode_recall_C": 0.16601533396667123, "Purity": 0.253493032016929, "AMI": 0.10416398732324247, "ARand": 0.012462587259781159, "ModeProb_TP": 6.550000000000001, "ModeProb_T": 40.825, "ModeProb_P": 45.025, "ModeProb_precision": 0.22331394659928608, "ModeProb_recall": 0.13649349899095276, "ModeProb_F1": 0.1210813155389705}, "4": {"IoU_TP": 3.225, "IoU_T": 42.0, "IoU_P": 30.575000000000003, "IoU_precision": 0.09088179260931953, "IoU_recall": 0.06561130532531569, "IoU_F1": 0.06545329839524705, "Mode_TP": 5.3999999999999995, "Mode_T": 42.0, "Mode_P": 30.575000000000003, "Mode_precision": 0.2364648443688635, "Mode_recall": 0.11659640130353138, "Mode_F1": 0.1259651363715334, "Mode_TP_C": 308.175, "Mode_recall_C": 0.16758565225797006, "Purity": 0.24369793798884234, "AMI": 0.11504843735066952, "ARand": 0.015585816243171258, "ModeProb_TP": 6.625, "ModeProb_T": 42.0, "ModeProb_P": 30.575000000000003, "ModeProb_precision": 0.2635248157972168, "ModeProb_recall": 0.14275753936932425, "ModeProb_F1": 0.15197675236263322}, "5": {"IoU_TP": 2.0, "IoU_T": 41.9, "IoU_P": 15.625000000000002, "IoU_precision": 0.13565133455721623, "IoU_recall": 0.040305094096435706, "IoU_F1": 0.052444651580783166, "Mode_TP": 3.4999999999999996, "Mode_T": 41.9, "Mode_P": 15.625000000000002, "Mode_precision": 0.3204177295669124, "Mode_recall": 0.07747779856106367, "Mode_F1": 0.1069589578340674, "Mode_TP_C": 276.42499999999995, "Mode_recall_C": 0.15122793136791177, "Purity": 0.2111008736908849, "AMI": 0.08618706943670287, "ARand": 0.007637064614611117, "ModeProb_TP": 4.25, "ModeProb_T": 41.9, "ModeProb_P": 15.625000000000002, "ModeProb_precision": 0.31658302440592523, "ModeProb_recall": 0.0951347335216958, "ModeProb_F1": 0.12779071054121388}, "6": {"IoU_TP": 2.25, "IoU_T": 41.625, "IoU_P": 9.825, "IoU_precision": 0.17529230766318474, "IoU_recall": 0.04613556141433726, "IoU_F1": 0.06648324607229911, "Mode_TP": 3.675, "Mode_T": 41.625, "Mode_P": 9.825, "Mode_precision": 0.3972734194216577, "Mode_recall": 0.08369232301700659, "Mode_F1": 0.12601027317174773, "Mode_TP_C": 285.25, "Mode_recall_C": 0.15321014739863523, "Purity": 0.2086766749225796, "AMI": 0.08600762964729328, "ARand": 0.01029206006663215, "ModeProb_TP": 3.65, "ModeProb_T": 41.625, "ModeProb_P": 9.825, "ModeProb_precision": 0.34657963348911625, "ModeProb_recall": 0.08222418492565095, "ModeProb_F1": 0.12212787665158809}, "7": {"IoU_TP": 1.25, "IoU_T": 41.225, "IoU_P": 5.925, "IoU_precision": 0.19018714064573197, "IoU_recall": 0.027144571749276362, "IoU_F1": 0.04457722388231521, "Mode_TP": 2.625, "Mode_T": 41.225, "Mode_P": 5.925, "Mode_precision": 0.486109452552951, "Mode_recall": 0.06534987452447158, "Mode_F1": 0.10990940421464507, "Mode_TP_C": 260.35, "Mode_recall_C": 0.14775157416723625, "Purity": 0.1869287693273503, "AMI": 0.057088024063453424, "ARand": 0.003873833942993674, "ModeProb_TP": 2.3, "ModeProb_T": 41.225, "ModeProb_P": 5.925, "ModeProb_precision": 0.367016161727849, "ModeProb_recall": 0.05432142340942815, "ModeProb_F1": 0.08973069214601484}, "8": {"IoU_TP": 1.425, "IoU_T": 41.1, "IoU_P": 6.4, "IoU_precision": 0.19016131013809032, "IoU_recall": 0.031522220716588424, "IoU_F1": 0.050884539271923705, "Mode_TP": 2.775, "Mode_T": 41.1, "Mode_P": 6.4, "Mode_precision": 0.46548866037643133, "Mode_recall": 0.06654471480394347, "Mode_F1": 0.11047678378711756, "Mode_TP_C": 248.10000000000002, "Mode_recall_C": 0.13998977306246524, "Purity": 0.1891181307073867, "AMI": 0.06885796841375878, "ARand": 0.007613892836278089, "ModeProb_TP": 2.425, "ModeProb_T": 41.1, "ModeProb_P": 6.4, "ModeProb_precision": 0.3540068308024964, "ModeProb_recall": 0.057537494292685176, "ModeProb_F1": 0.09391928706014835}, "9": {"IoU_TP": 1.4, "IoU_T": 41.825, "IoU_P": 5.325000000000001, "IoU_precision": 0.252906162464986, "IoU_recall": 0.030612016691410015, "IoU_F1": 0.05374744791401529, "Mode_TP": 2.625, "Mode_T": 41.825, "Mode_P": 5.325000000000001, "Mode_precision": 0.5239997665732959, "Mode_recall": 0.06497448305615264, "Mode_F1": 0.11358759173199968, "Mode_TP_C": 244.22500000000002, "Mode_recall_C": 0.1427956896976006, "Purity": 0.1877578152136915, "AMI": 0.0756843127711741, "ARand": 0.009367715862798928, "ModeProb_TP": 2.175, "ModeProb_T": 41.825, "ModeProb_P": 5.325000000000001, "ModeProb_precision": 0.38777894491129783, "ModeProb_recall": 0.04915485648210138, "ModeProb_F1": 0.08555489888226515}, "10": {"IoU_TP": 1.05, "IoU_T": 41.275, "IoU_P": 4.949999999999999, "IoU_precision": 0.18837662337662336, "IoU_recall": 0.02189729595919268, "IoU_F1": 0.03817218647777568, "Mode_TP": 2.6, "Mode_T": 41.275, "Mode_P": 4.949999999999999, "Mode_precision": 0.5379662698412697, "Mode_recall": 0.06363789102293098, "Mode_F1": 0.11067885695760793, "Mode_TP_C": 259.8, "Mode_recall_C": 0.14822581319478154, "Purity": 0.18956247576196833, "AMI": 0.07174719471043273, "ARand": 0.00882763836624489, "ModeProb_TP": 2.15, "ModeProb_T": 41.275, "ModeProb_P": 4.949999999999999, "ModeProb_precision": 0.41022727272727266, "ModeProb_recall": 0.05296995498677201, "ModeProb_F1": 0.09099342140057362}, "11": {"IoU_TP": 0.975, "IoU_T": 41.525000000000006, "IoU_P": 4.075, "IoU_precision": 0.2198809523809524, "IoU_recall": 0.020421589731555313, "IoU_F1": 0.03711278082578881, "Mode_TP": 2.4, "Mode_T": 41.525000000000006, "Mode_P": 4.075, "Mode_precision": 0.6527119408369408, "Mode_recall": 0.059268459527177145, "Mode_F1": 0.1068368718486013, "Mode_TP_C": 250.925, "Mode_recall_C": 0.14807747291643003, "Purity": 0.18765540973064976, "AMI": 0.06862117747894038, "ARand": 0.009506207215310546, "ModeProb_TP": 1.6500000000000001, "ModeProb_T": 41.525000000000006, "ModeProb_P": 4.075, "ModeProb_precision": 0.45405032467532463, "ModeProb_recall": 0.04065818924467682, "ModeProb_F1": 0.07318566773121549}, "12": {"IoU_TP": 1.1, "IoU_T": 42.05, "IoU_P": 4.0, "IoU_precision": 0.24833333333333332, "IoU_recall": 0.02451748201037068, "IoU_F1": 0.0436795280647554, "Mode_TP": 2.45, "Mode_T": 42.05, "Mode_P": 4.0, "Mode_precision": 0.6584722222222222, "Mode_recall": 0.061079641857525555, "Mode_F1": 0.10940706619083887, "Mode_TP_C": 258.5, "Mode_recall_C": 0.1499376081726899, "Purity": 0.1867069185726738, "AMI": 0.06788034369751997, "ARand": 0.009036621364384498, "ModeProb_TP": 1.775, "ModeProb_T": 42.05, "ModeProb_P": 4.0, "ModeProb_precision": 0.47291666666666665, "ModeProb_recall": 0.04435121844714196, "ModeProb_F1": 0.07921716580197682}, "13": {"IoU_TP": 0.7749999999999999, "IoU_T": 41.775, "IoU_P": 3.3249999999999997, "IoU_precision": 0.18833333333333335, "IoU_recall": 0.017460150124837304, "IoU_F1": 0.031143040467618073, "Mode_TP": 2.2, "Mode_T": 41.775, "Mode_P": 3.3249999999999997, "Mode_precision": 0.68625, "Mode_recall": 0.05647335614954712, "Mode_F1": 0.10254682624322357, "Mode_TP_C": 250.9, "Mode_recall_C": 0.14919100778413347, "Purity": 0.18279908437447667, "AMI": 0.05719881233849988, "ARand": 0.0076813342295848994, "ModeProb_TP": 1.35, "ModeProb_T": 41.775,