{"2": {"IoU_TP": 3.625, "IoU_T": 155.725, "IoU_P": 5049.000000000001, "IoU_precision": 0.0010312427714177848, "IoU_recall": 0.02306553687993038, "IoU_F1": 0.0019300055266651137, "Mode_TP": 13.350000000000001, "Mode_T": 155.725, "Mode_P": 5049.000000000001, "Mode_precision": 0.004116705768795913, "Mode_recall": 0.08079673948583971, "Mode_F1": 0.007671794099444777, "Mode_TP_C": 7540.0, "Mode_recall_C": 0.21100133945632174, "Purity": 0.6015500735873678, "AMI": 0.02655431276605612, "ARand": 0.003983851947306353, "ModeProb_TP": 20.575000000000003, "ModeProb_T": 155.725, "ModeProb_P": 5049.000000000001, "ModeProb_precision": 0.006079663545152473, "ModeProb_recall": 0.12942342187647524, "ModeProb_F1": 0.01135467591215757}, "3": {"IoU_TP": 1.3, "IoU_T": 156.375, "IoU_P": 2461.05, "IoU_precision": 0.0006817933727745161, "IoU_recall": 0.00956170773416932, "IoU_F1": 0.0012072575986298495, "Mode_TP": 5.125, "Mode_T": 156.375, "Mode_P": 2461.05, "Mode_precision": 0.0031771834793356563, "Mode_recall": 0.03141041508565874, "Mode_F1": 0.005519815017811009, "Mode_TP_C": 10900.974999999999, "Mode_recall_C": 0.2859403304629237, "Purity": 0.5597854859130111, "AMI": 0.02818074804783237, "ARand": 0.0026774574146911623, "ModeProb_TP": 11.825, "ModeProb_T": 156.375, "ModeProb_P": 2461.05, "ModeProb_precision": 0.0070373740084599835, "ModeProb_recall": 0.0761433497266781, "ModeProb_F1": 0.012289911764555794}, "4": {"IoU_TP": 0.9, "IoU_T": 154.775, "IoU_P": 1397.6499999999999, "IoU_precision": 0.0006523445920787099, "IoU_recall": 0.007158072379354906, "IoU_F1": 0.0011130241488824131, "Mode_TP": 3.0, "Mode_T": 154.775, "Mode_P": 1397.6499999999999, "Mode_precision": 0.0031352411959541214, "Mode_recall": 0.019429046146916037, "Mode_F1": 0.004958050383975362, "Mode_TP_C": 11744.650000000001, "Mode_recall_C": 0.3202676192790353, "Purity": 0.5275722717300613, "AMI": 0.02651538250418252, "ARand": -0.0015314142667471223, "ModeProb_TP": 7.025, "ModeProb_T": 154.775, "ModeProb_P": 1397.6499999999999, "ModeProb_precision": 0.007693765317829226, "ModeProb_recall": 0.046227881515058335, "ModeProb_F1": 0.01213317613144658}, "5": {"IoU_TP": 0.7, "IoU_T": 155.65, "IoU_P": 682.1999999999999, "IoU_precision": 0.0011641567599051626, "IoU_recall": 0.005724357828481963, "IoU_F1": 0.0017573567355740438, "Mode_TP": 2.25, "Mode_T": 155.65, "Mode_P": 682.1999999999999, "Mode_precision": 0.004776369323684887, "Mode_recall": 0.014748076843005976, "Mode_F1": 0.006622320387120031, "Mode_TP_C": 10742.675000000001, "Mode_recall_C": 0.36057682900345783, "Purity": 0.5262316890364762, "AMI": 0.025318214459173732, "ARand": -0.0021906152731070265, "ModeProb_TP": 5.7, "ModeProb_T": 155.65, "ModeProb_P": 682.1999999999999, "ModeProb_precision": 0.010943039452158038, "ModeProb_recall": 0.0376011045072051, "ModeProb_F1": 0.01566289554325843}, "6": {"IoU_TP": 0.7000000000000001, "IoU_T": 155.15, "IoU_P": 506.725, "IoU_precision": 0.0014702498867263886, "IoU_recall": 0.006377040851342687, "IoU_F1": 0.002170327063997009, "Mode_TP": 1.85, "Mode_T": 155.15, "Mode_P": 506.725, "Mode_precision": 0.004823135177602269, "Mode_recall": 0.013086893310719536, "Mode_F1": 0.006264740092269414, "Mode_TP_C": 11978.1, "Mode_recall_C": 0.38163064403268504, "Purity": 0.5166464568520814, "AMI": 0.025130867514387437, "ARand": -0.002840308077880654, "ModeProb_TP": 4.575, "ModeProb_T": 155.15, "ModeProb_P": 506.725, "ModeProb_precision": 0.011353196124323135, "ModeProb_recall": 0.03143288459697524, "ModeProb_F1": 0.015075535614385065}, "7": {"IoU_TP": 0.975, "IoU_T": 156.64999999999998, "IoU_P": 406.1, "IoU_precision": 0.003046031518038759, "IoU_recall": 0.007209134640752036, "IoU_F1": 0.003826727991452854, "Mode_TP": 1.875, "Mode_T": 156.64999999999998, "Mode_P": 406.1, "Mode_precision": 0.006947936745361338, "Mode_recall": 0.012589325035064491, "Mode_F1": 0.007919927439742638, "Mode_TP_C": 15431.000000000002, "Mode_recall_C": 0.40820776081100946, "Purity": 0.517902105021224, "AMI": 0.02416908060374865, "ARand": 8.915059800527407e-05, "ModeProb_TP": 3.325, "ModeProb_T": 156.64999999999998, "ModeProb_P": 406.1, "ModeProb_precision": 0.011093101238287354, "ModeProb_recall": 0.022635554683183193, "ModeProb_F1": 0.013097827348414252}, "8": {"IoU_TP": 0.65, "IoU_T": 155.75, "IoU_P": 309.9, "IoU_precision": 0.002067016427039256, "IoU_recall": 0.005620687447637463, "IoU_F1": 0.002875867162785697, "Mode_TP": 1.45, "Mode_T": 155.75, "Mode_P": 309.9, "Mode_precision": 0.007016835985844393, "Mode_recall": 0.010084033521598286, "Mode_F1": 0.006947171534720468, "Mode_TP_C": 15884.999999999998, "Mode_recall_C": 0.42464452673143527, "Purity": 0.5193856972292701, "AMI": 0.02129303322583943, "ARand": -0.0008630277835376314, "ModeProb_TP": 3.0500000000000003, "ModeProb_T": 155.75, "ModeProb_P": 309.9, "ModeProb_precision": 0.013782597396132872, "ModeProb_recall": 0.02171902453239236, "ModeProb_F1": 0.014373701226355177}, "9": {"IoU_TP": 0.7, "IoU_T": 155.95, "IoU_P": 217.85000000000002, "IoU_precision": 0.0033013085054753007, "IoU_recall": 0.005839230551737087, "IoU_F1": 0.0039365573131379394, "Mode_TP": 1.5499999999999998, "Mode_T": 155.95, "Mode_P": 217.85000000000002, "Mode_precision": 0.008953243552744548, "Mode_recall": 0.010718320181232643, "Mode_F1": 0.008661090637921818, "Mode_TP_C": 15121.474999999999, "Mode_recall_C": 0.44106751340465195, "Purity": 0.5224299474379585, "AMI": 0.022189052421107892, "ARand": 0.0006413278934409212, "ModeProb_TP": 2.8000000000000003, "ModeProb_T": 155.95, "ModeProb_P": 217.85000000000002, "ModeProb_precision": 0.015200491666375847, "ModeProb_recall": 0.020250128378466327, "ModeProb_F1": 0.01554708819847721}, "10": {"IoU_TP": 0.8500000000000001, "IoU_T": 156.025, "IoU_P": 184.875, "IoU_precision": 0.00499836272434689, "IoU_recall": 0.006668348711362441, "IoU_F1": 0.005208620611036856, "Mode_TP": 1.6, "Mode_T": 156.025, "Mode_P": 184.875, "Mode_precision": 0.012422579724085635, "Mode_recall": 0.010955864907343175, "Mode_F1": 0.009900747483345608, "Mode_TP_C": 17307.65, "Mode_recall_C": 0.4321012970507054, "Purity": 0.5013677539659135, "AMI": 0.021317183113219375, "ARand": 0.0004741251660641563, "ModeProb_TP": 2.5500000000000003, "ModeProb_T": 156.025, "ModeProb_P": 184.875, "ModeProb_precision": 0.01848121473525239, "ModeProb_recall": 0.018917892845267858, "ModeProb_F1": 0.015667932893263768}, "11": {"IoU_TP": 0.8250000000000001, "IoU_T": 154.675, "IoU_P": 135.375, "IoU_precision": 0.005889946706511468, "IoU_recall": 0.00687107963909122, "IoU_F1": 0.005985615875931917, "Mode_TP": 1.4749999999999999, "Mode_T": 154.675, "Mode_P": 135.375, "Mode_precision": 0.014115489361762656, "Mode_recall": 0.010559114724484852, "Mode_F1": 0.010665103237985248, "Mode_TP_C": 15635.025, "Mode_recall_C": 0.44904623063498034, "Purity": 0.5138951788067107, "AMI": 0.02223229456580944, "ARand": 0.0033284887717467083, "ModeProb_TP": 2.375, "ModeProb_T": 154.675, "ModeProb_P": 135.375, "ModeProb_precision": 0.0208537576816415, "ModeProb_recall": 0.018297237208189668, "ModeProb_F1": 0.01708562478109694}, "12": {"IoU_TP": 0.9000000000000001, "IoU_T": 155.57500000000002, "IoU_P": 135.825, "IoU_precision": 0.008556194222132036, "IoU_recall": 0.006858712727422306, "IoU_F1": 0.006724826297896503, "Mode_TP": 1.5000000000000002, "Mode_T": 155.57500000000002, "Mode_P": 135.825, "Mode_precision": 0.01705587615698681, "Mode_recall": 0.010408074691933323, "Mode_F1": 0.011022277761829062, "Mode_TP_C": 19173.025, "Mode_recall_C": 0.46280845142952204, "Purity": 0.5213398152392771, "AMI": 0.02073664412067247, "ARand": 0.0007768630384862958, "ModeProb_TP": 2.45, "ModeProb_T": 155.57500000000002, "ModeProb_P": 135.825, "ModeProb_precision": 0.023994195503634234, "ModeProb_recall": 0.017684248873182862, "ModeProb_F1": 0.017587281497208077}, "13": {"IoU_TP": 0.7250000000000001, "IoU_T": 155.6, "IoU_P": 96.39999999999999, "IoU_precision": 0.00728346596770991, "IoU_recall": 0.006063901035467743, "IoU_F1": 0.0061850486693151895, "Mode_TP": 1.3750000000000002,