{"2": {"IoU_TP": 0.775, "IoU_T": 41.575, "IoU_P": 222.39999999999998, "IoU_precision": 0.003206504098591391, "IoU_recall": 0.01701012797260124, "IoU_F1": 0.005387552097037559, "Mode_TP": 4.025, "Mode_T": 41.575, "Mode_P": 222.39999999999998, "Mode_precision": 0.01745898445226749, "Mode_recall": 0.09342556076379462, "Mode_F1": 0.0293533562548684, "Mode_TP_C": 168.39999999999998, "Mode_recall_C": 0.09587190622933206, "Purity": 0.3560023233496654, "AMI": 0.09965016642667743, "ARand": 0.007746465803039349, "ModeProb_TP": 8.65, "ModeProb_T": 41.575, "ModeProb_P": 222.39999999999998, "ModeProb_precision": 0.03827205198011313, "ModeProb_recall": 0.20328121071944671, "ModeProb_F1": 0.06425564776810441}, "3": {"IoU_TP": 2.9000000000000004, "IoU_T": 42.125, "IoU_P": 96.10000000000001, "IoU_precision": 0.027919129544340122, "IoU_recall": 0.06302862082373975, "IoU_F1": 0.03844706345944546, "Mode_TP": 5.6000000000000005, "Mode_T": 42.125, "Mode_P": 96.10000000000001, "Mode_precision": 0.057141987138849513, "Mode_recall": 0.12959393904120634, "Mode_F1": 0.07876489220276141, "Mode_TP_C": 243.625, "Mode_recall_C": 0.13902754242725276, "Purity": 0.3024256433410245, "AMI": 0.12508711560155947, "ARand": 0.012095155885606643, "ModeProb_TP": 8.575, "ModeProb_T": 42.125, "ModeProb_P": 96.10000000000001, "ModeProb_precision": 0.08640790497546755, "ModeProb_recall": 0.19351181576785054, "ModeProb_F1": 0.11862596124759414}, "4": {"IoU_TP": 2.7, "IoU_T": 41.375, "IoU_P": 57.575, "IoU_precision": 0.042362320147315086, "IoU_recall": 0.05789599766826019, "IoU_F1": 0.0485857842916292, "Mode_TP": 5.3, "Mode_T": 41.375, "Mode_P": 57.575, "Mode_precision": 0.08834250197786289, "Mode_recall": 0.12044612937077474, "Mode_F1": 0.1012048159009756, "Mode_TP_C": 273.675, "Mode_recall_C": 0.15289436816023821, "Purity": 0.2734520385739938, "AMI": 0.12647129089252507, "ARand": 0.011476608670784207, "ModeProb_TP": 8.2, "ModeProb_T": 41.375, "ModeProb_P": 57.575, "ModeProb_precision": 0.1393331828345039, "ModeProb_recall": 0.18796693624953598, "ModeProb_F1": 0.15881830383272807}, "5": {"IoU_TP": 3.0500000000000003, "IoU_T": 41.5, "IoU_P": 38.025, "IoU_precision": 0.07338093234189735, "IoU_recall": 0.06539528856448805, "IoU_F1": 0.06809510383318718, "Mode_TP": 5.125, "Mode_T": 41.5, "Mode_P": 38.025, "Mode_precision": 0.1315281188432495, "Mode_recall": 0.1154534113691035, "Mode_F1": 0.12118909194670735, "Mode_TP_C": 294.525, "Mode_recall_C": 0.16385993092526824, "Purity": 0.26013338137810815, "AMI": 0.12726686818367877, "ARand": 0.011535402807737334, "ModeProb_TP": 7.324999999999999, "ModeProb_T": 41.5, "ModeProb_P": 38.025, "ModeProb_precision": 0.19063923109503664, "ModeProb_recall": 0.16782056175894688, "ModeProb_F1": 0.17606397171764598}, "6": {"IoU_TP": 2.475, "IoU_T": 40.725, "IoU_P": 25.95, "IoU_precision": 0.08456220352010253, "IoU_recall": 0.05133807140513078, "IoU_F1": 0.06285174976551733, "Mode_TP": 4.575, "Mode_T": 40.725, "Mode_P": 25.95, "Mode_precision": 0.17540963440373472, "Mode_recall": 0.10234086706627418, "Mode_F1": 0.1265577217635055, "Mode_TP_C": 287.55, "Mode_recall_C": 0.16615593281254937, "Purity": 0.24302053561151976, "AMI": 0.11305519061289548, "ARand": 0.011156275155161047, "ModeProb_TP": 6.375, "ModeProb_T": 40.725, "ModeProb_P": 25.95, "ModeProb_precision": 0.23226056641985166, "ModeProb_recall": 0.13979424871995766, "ModeProb_F1": 0.17116176145275186}, "7": {"IoU_TP": 2.85, "IoU_T": 41.9, "IoU_P": 19.775, "IoU_precision": 0.1370233100554655, "IoU_recall": 0.060986426229086295, "IoU_F1": 0.08198664829968003, "Mode_TP": 4.824999999999999, "Mode_T": 41.9, "Mode_P": 19.775, "Mode_precision": 0.2591427320407138, "Mode_recall": 0.11084150464968813, "Mode_F1": 0.15080770408270616, "Mode_TP_C": 299.25, "Mode_recall_C": 0.1682088454197363, "Purity": 0.23345192237939813, "AMI": 0.11567209772686624, "ARand": 0.009249739070938743, "ModeProb_TP": 6.05, "ModeProb_T": 41.9, "ModeProb_P": 19.775, "ModeProb_precision": 0.31448256986523804, "ModeProb_recall": 0.1368526709493073, "ModeProb_F1": 0.18533423397925758}, "8": {"IoU_TP": 3.125, "IoU_T": 42.35, "IoU_P": 16.95, "IoU_precision": 0.1830731635720226, "IoU_recall": 0.06732248680112254, "IoU_F1": 0.09630197329566562, "Mode_TP": 4.725, "Mode_T": 42.35, "Mode_P": 16.95, "Mode_precision": 0.30315115795668535, "Mode_recall": 0.10731428450146482, "Mode_F1": 0.15457674008000494, "Mode_TP_C": 313.92499999999995, "Mode_recall_C": 0.17336974660219467, "Purity": 0.23215737281988041, "AMI": 0.1207964888937286, "ARand": 0.011111411438589656, "ModeProb_TP": 6.0, "ModeProb_T": 42.35, "ModeProb_P": 16.95, "ModeProb_precision": 0.36746650458370794, "ModeProb_recall": 0.13489180945827095, "ModeProb_F1": 0.19242092592901988}, "9": {"IoU_TP": 2.075, "IoU_T": 41.050000000000004, "IoU_P": 13.05, "IoU_precision": 0.15251669755539723, "IoU_recall": 0.042637275241277, "IoU_F1": 0.06553575717265378, "Mode_TP": 3.9749999999999996, "Mode_T": 41.050000000000004, "Mode_P": 13.05, "Mode_precision": 0.32971313512625433, "Mode_recall": 0.09093536842037975, "Mode_F1": 0.13936262193564672, "Mode_TP_C": 303.375, "Mode_recall_C": 0.1721758188938458, "Purity": 0.2214732080353734, "AMI": 0.10559454142003219, "ARand": 0.008963937758882415, "ModeProb_TP": 4.825, "ModeProb_T": 41.050000000000004, "ModeProb_P": 13.05, "ModeProb_precision": 0.37119515503416434, "ModeProb_recall": 0.10869919876260319, "ModeProb_F1": 0.16461383517467648}, "10": {"IoU_TP": 2.425, "IoU_T": 41.325, "IoU_P": 11.625000000000002, "IoU_precision": 0.17665314207206623, "IoU_recall": 0.050441966700634035, "IoU_F1": 0.07733248783629129, "Mode_TP": 4.15, "Mode_T": 41.325, "Mode_P": 11.625000000000002, "Mode_precision": 0.4264274769992649, "Mode_recall": 0.09406853495237973, "Mode_F1": 0.14705351305904413, "Mode_TP_C": 323.9, "Mode_recall_C": 0.1825710586188221, "Purity": 0.22588841511463176, "AMI": 0.11226167679486893, "ARand": 0.009999012404120888, "ModeProb_TP": 4.6, "ModeProb_T": 41.325, "ModeProb_P": 11.625000000000002, "ModeProb_precision": 0.4578937939425556, "ModeProb_recall": 0.1032363781920941, "ModeProb_F1": 0.16104933060365467}, "11": {"IoU_TP": 2.15, "IoU_T": 41.85, "IoU_P": 10.125, "IoU_precision": 0.18551717073775897, "IoU_recall": 0.044276434905425335, "IoU_F1": 0.07034076480001343, "Mode_TP": 3.7750000000000004, "Mode_T": 41.85, "Mode_P": 10.125, "Mode_precision": 0.3981084948548184, "Mode_recall": 0.08746550139531586, "Mode_F1": 0.14029764782741533, "Mode_TP_C": 296.25, "Mode_recall_C": 0.1662158717099051, "Purity": 0.2142578940085938, "AMI": 0.09898427211168605, "ARand": 0.00801914081432534, "ModeProb_TP": 4.325, "ModeProb_T": 41.85, "ModeProb_P": 10.125, "ModeProb_precision": 0.43175980473774594, "ModeProb_recall": 0.09677298841808056, "ModeProb_F1": 0.15487968850660377}, "12": {"IoU_TP": 1.8750000000000002, "IoU_T": 42.05, "IoU_P": 8.5, "IoU_precision": 0.21464362638994988, "IoU_recall": 0.03928517893400729, "IoU_F1": 0.06559914098907066, "Mode_TP": 3.45, "Mode_T": 42.05, "Mode_P": 8.5, "Mode_precision": 0.4549626782531194, "Mode_recall": 0.08100204229222133, "Mode_F1": 0.13499144866679919, "Mode_TP_C": 298.575, "Mode_recall_C": 0.16747438997436445, "Purity": 0.2091982515003646, "AMI": 0.10008743706111112, "ARand": 0.008386135090088445, "ModeProb_TP": 3.425, "ModeProb_T": 42.05, "ModeProb_P": 8.5, "ModeProb_precision": 0.40890297406841525, "ModeProb_recall": 0.07593223832744862, "ModeProb_F1": 0.12555411424277474}, "13": {"IoU_TP": 1.85, "IoU_T": 42.3, "IoU_P": 8.1, "IoU_precision": 0.21666250416250415, "IoU_recall": 0.04030010991360053, "IoU_F1": 0.06736796078029911, "Mode_TP": 3.5250000000000004, "Mode_T": 42.3, "Mode_P": 8.1, "Mode_precision": 0.4796382783882784, "Mode_recall": 0.08262572241320643, "Mode_F1": 0.13841869107566568, "Mode_TP_C": 310.925, "Mode_recall_C": 0.171626135843196, "Purity": 0.20770111003005515, "AMI": 0.1012562050288114, "ARand": 0.008829465788713528, "ModeProb_TP": 3.45, "ModeProb_T": 42.3, "ModeProb_P": 8.1, "ModeProb_precision": 0.445393426018426,