{"2": {"IoU_TP": 3.95, "IoU_T": 55.550000000000004, "IoU_P": 36.425, "IoU_precision": 0.10060742574469886, "IoU_recall": 0.0650430475857925, "IoU_F1": 0.07801873733388745, "Mode_TP": 9.049999999999999, "Mode_T": 55.550000000000004, "Mode_P": 36.425, "Mode_precision": 0.24062013918657912, "Mode_recall": 0.15622464544589332, "Mode_F1": 0.1873502903587776, "Mode_TP_C": 38.849999999999994, "Mode_recall_C": 0.14734347109870768, "Purity": 0.3510367550815727, "AMI": 0.11070955027585064, "ARand": 0.015261117671708256, "ModeProb_TP": 10.525, "ModeProb_T": 55.550000000000004, "ModeProb_P": 36.425, "ModeProb_precision": 0.29284896358166423, "ModeProb_recall": 0.18884091538207773, "ModeProb_F1": 0.22714632211258248}, "3": {"IoU_TP": 1.875, "IoU_T": 55.875, "IoU_P": 18.675, "IoU_precision": 0.0807469785478466, "IoU_recall": 0.029933567343798796, "IoU_F1": 0.04322961793307422, "Mode_TP": 5.550000000000001, "Mode_T": 55.875, "Mode_P": 18.675, "Mode_precision": 0.27419278207697395, "Mode_recall": 0.09515152243842484, "Mode_F1": 0.13975761182298913, "Mode_TP_C": 36.675000000000004, "Mode_recall_C": 0.14305122039257073, "Purity": 0.27654408114623386, "AMI": 0.0940194275922498, "ARand": 0.010664342564658756, "ModeProb_TP": 6.375, "ModeProb_T": 55.875, "ModeProb_P": 18.675, "ModeProb_precision": 0.34253116535065214, "ModeProb_recall": 0.11600783710136173, "ModeProb_F1": 0.17145628719838324}, "4": {"IoU_TP": 1.6500000000000001, "IoU_T": 56.975, "IoU_P": 11.9, "IoU_precision": 0.11359061217420349, "IoU_recall": 0.025235406597368733, "IoU_F1": 0.040945924857604385, "Mode_TP": 4.65, "Mode_T": 56.975, "Mode_P": 11.9, "Mode_precision": 0.36533003277682075, "Mode_recall": 0.07799933019670495, "Mode_F1": 0.12727434746810543, "Mode_TP_C": 38.275000000000006, "Mode_recall_C": 0.1465328571712961, "Purity": 0.24598145099501373, "AMI": 0.09451654185164696, "ARand": 0.008924634677060663, "ModeProb_TP": 4.375, "ModeProb_T": 56.975, "ModeProb_P": 11.9, "ModeProb_precision": 0.3630255499789169, "ModeProb_recall": 0.07498009875898178, "ModeProb_F1": 0.12309837228352133}, "5": {"IoU_TP": 1.5, "IoU_T": 55.650000000000006, "IoU_P": 9.075, "IoU_precision": 0.1386411852036852, "IoU_recall": 0.024634730970064214, "IoU_F1": 0.041146644810850265, "Mode_TP": 4.0249999999999995, "Mode_T": 55.650000000000006, "Mode_P": 9.075, "Mode_precision": 0.42853490259740257, "Mode_recall": 0.07277909936706883, "Mode_F1": 0.12272935937904421, "Mode_TP_C": 40.8, "Mode_recall_C": 0.1560206763913591, "Purity": 0.22996710700425602, "AMI": 0.10124656265426048, "ARand": 0.014077010989367165, "ModeProb_TP": 4.05, "ModeProb_T": 55.650000000000006, "ModeProb_P": 9.075, "ModeProb_precision": 0.43642704517704517, "ModeProb_recall": 0.07336640958115839, "ModeProb_F1": 0.12399347453176926}, "6": {"IoU_TP": 1.2, "IoU_T": 57.475, "IoU_P": 6.625, "IoU_precision": 0.1443479437229437, "IoU_recall": 0.020424402039367875, "IoU_F1": 0.03549047578046175, "Mode_TP": 3.25, "Mode_T": 57.475, "Mode_P": 6.625, "Mode_precision": 0.48568903318903317, "Mode_recall": 0.05889985111688646, "Mode_F1": 0.10375631060249418, "Mode_TP_C": 37.275, "Mode_recall_C": 0.14935113354628074, "Purity": 0.20620732065260888, "AMI": 0.0918049123927615, "ARand": 0.018699185504588114, "ModeProb_TP": 3.0, "ModeProb_T": 57.475, "ModeProb_P": 6.625, "ModeProb_precision": 0.45145202020202024, "ModeProb_recall": 0.054621506203465675, "ModeProb_F1": 0.09623172771081082}, "7": {"IoU_TP": 1.075, "IoU_T": 57.175, "IoU_P": 5.75, "IoU_precision": 0.14918650793650792, "IoU_recall": 0.018154894305147454, "IoU_F1": 0.03209210492080338, "Mode_TP": 3.0250000000000004, "Mode_T": 57.175, "Mode_P": 5.75, "Mode_precision": 0.5671230158730158, "Mode_recall": 0.053471881127009, "Mode_F1": 0.09606423710480577, "Mode_TP_C": 40.7, "Mode_recall_C": 0.15963134686707742, "Purity": 0.21005347622709455, "AMI": 0.09825557995920908, "ARand": 0.018663455969039074, "ModeProb_TP": 2.85, "ModeProb_T": 57.175, "ModeProb_P": 5.75, "ModeProb_precision": 0.5375, "ModeProb_recall": 0.050497276155112965, "ModeProb_F1": 0.09070813806599051}, "8": {"IoU_TP": 0.7, "IoU_T": 56.85, "IoU_P": 4.449999999999999, "IoU_precision": 0.11896825396825397, "IoU_recall": 0.011615042625065082, "IoU_F1": 0.020930922711458456, "Mode_TP": 2.6500000000000004, "Mode_T": 56.85, "Mode_P": 4.449999999999999, "Mode_precision": 0.6515972222222222, "Mode_recall": 0.04890578545027534, "Mode_F1": 0.08954682796936198, "Mode_TP_C": 38.75, "Mode_recall_C": 0.15361324604336213, "Purity": 0.19256907710291843, "AMI": 0.07902408649913199, "ARand": 0.011150603137960593, "ModeProb_TP": 2.3249999999999997, "ModeProb_T": 56.85, "ModeProb_P": 4.449999999999999, "ModeProb_precision": 0.5684027777777778, "ModeProb_recall": 0.04391060931016329, "ModeProb_F1": 0.08016000829476815}, "9": {"IoU_TP": 0.5, "IoU_T": 58.4, "IoU_P": 3.975, "IoU_precision": 0.09291666666666666, "IoU_recall": 0.009039013801527034, "IoU_F1": 0.016367841564706182, "Mode_TP": 2.575, "Mode_T": 58.4, "Mode_P": 3.975, "Mode_precision": 0.7007142857142856, "Mode_recall": 0.04550212521292616, "Mode_F1": 0.08422397909021662, "Mode_TP_C": 36.775, "Mode_recall_C": 0.14595925553279598, "Purity": 0.18462761195299623, "AMI": 0.06865873006404151, "ARand": 0.00873501657515652, "ModeProb_TP": 2.0250000000000004, "ModeProb_T": 58.4, "ModeProb_P": 3.975, "ModeProb_precision": 0.5667857142857142, "ModeProb_recall": 0.03917575216217371, "ModeProb_F1": 0.07208329864511674}, "10": {"IoU_TP": 0.55, "IoU_T": 56.65, "IoU_P": 3.7250000000000005, "IoU_precision": 0.10988095238095237, "IoU_recall": 0.009610422833184959, "IoU_F1": 0.01748833540648182, "Mode_TP": 2.7, "Mode_T": 56.65, "Mode_P": 3.7250000000000005, "Mode_precision": 0.7761904761904763, "Mode_recall": 0.05178443531436421, "Mode_F1": 0.09543922301224256, "Mode_TP_C": 34.8, "Mode_recall_C": 0.14659747654436173, "Purity": 0.16909969060633837, "AMI": 0.065062231118285, "ARand": 0.01070459351512813, "ModeProb_TP": 2.0, "ModeProb_T": 56.65, "ModeProb_P": 3.7250000000000005, "ModeProb_precision": 0.619702380952381, "ModeProb_recall": 0.0406667661807578, "ModeProb_F1": 0.07489837448141955}, "11": {"IoU_TP": 0.175, "IoU_T": 56.75, "IoU_P": 3.2249999999999996, "IoU_precision": 0.042499999999999996, "IoU_recall": 0.0031996295191870994, "IoU_F1": 0.005892840819311408, "Mode_TP": 2.05, "Mode_T": 56.75, "Mode_P": 3.2249999999999996, "Mode_precision": 0.7216666666666667, "Mode_recall": 0.03840203409428458, "Mode_F1": 0.07209120399905004, "Mode_TP_C": 32.974999999999994, "Mode_recall_C": 0.13624600303647708, "Purity": 0.16355470718449172, "AMI": 0.05072740528342361, "ARand": 0.002801867612812957, "ModeProb_TP": 1.7000000000000002, "ModeProb_T": 56.75, "ModeProb_P": 3.2249999999999996, "ModeProb_precision": 0.60125, "ModeProb_recall": 0.032771616636988625, "ModeProb_F1": 0.06127438036312291}, "12": {"IoU_TP": 0.475, "IoU_T": 56.75, "IoU_P": 2.975, "IoU_precision": 0.10791666666666667, "IoU_recall": 0.007532347856478541, "IoU_F1": 0.013946184751469772, "Mode_TP": 2.125, "Mode_T": 56.75, "Mode_P": 2.975, "Mode_precision": 0.7766666666666666, "Mode_recall": 0.039415327494327655, "Mode_F1": 0.07412791072773656, "Mode_TP_C": 34.525000000000006, "Mode_recall_C": 0.14436334470174825, "Purity": 0.1670815766584961, "AMI": 0.06180655189309088, "ARand": 0.010942754869184385, "ModeProb_TP": 1.8000000000000003, "ModeProb_T": 56.75, "ModeProb_P": 2.975, "ModeProb_precision": 0.6808333333333332, "ModeProb_recall": 0.034845550833191484, "ModeProb_F1": 0.06550841916825051}, "13": {"IoU_TP": 0.475, "IoU_T": 57.85, "IoU_P": 2.8000000000000003, "IoU_precision": 0.11499999999999999, "IoU_recall": 0.008363874523585587, "IoU_F1": 0.015527676580983764, "Mode_TP": 2.15, "Mode_T": 57.85, "Mode_P": 2.8000000000000003, "Mode_precision": 0.8375000000000001, "Mode_recall": 0.038367845149430285, "Mode_F1": 0.07253076519074175, "Mode_TP_C": 38.225, "Mode_recall_C": 0.14657394377625302, "Purity": 0.17106141658915283, "AMI": 0.068583202483667, "ARand": 0.014598000905602641,