{"IoU_TP": 1.1666666666666667, "IoU_T": 29.75, "IoU_P": 30.0, "IoU_precision": 0.03888888888888891, "IoU_recall": 0.03940032869549462, "IoU_F1": 0.039108904154501155, "Mode_TP": 5.8, "Mode_T": 29.75, "Mode_P": 30.0, "Mode_precision": 0.19333333333333322, "Mode_recall": 0.19534327902336335, "Mode_F1": 0.19415701360473023, "Mode_TP_C": 188.38333333333333, "Mode_recall_C": 0.18838333333333332, "Purity": 0.5141833333333334, "AMI": 0.24394408517434368, "ARand": 0.11136915336054504}