{"IoU_TP": 0.03333333333333333, "IoU_T": 29.933333333333334, "IoU_P": 40.0, "IoU_precision": 0.0008333333333333334, "IoU_recall": 0.001150793650793651, "IoU_F1": 0.0009663865546218487, "Mode_TP": 4.633333333333334, "Mode_T": 29.933333333333334, "Mode_P": 40.0, "Mode_precision": 0.11583333333333329, "Mode_recall": 0.15496662512119502, "Mode_F1": 0.13249688015417493, "Mode_TP_C": 103.16666666666667, "Mode_recall_C": 0.10316666666666667, "Purity": 0.4827499999999999, "AMI": 0.15198915278020778, "ARand": 0.04326916918546666}