{"IoU_TP": 0.4, "IoU_T": 30.516666666666666, "IoU_P": 80.0, "IoU_precision": 0.005000000000000002, "IoU_recall": 0.013046098900172868, "IoU_F1": 0.0072270553304557795, "Mode_TP": 7.0, "Mode_T": 30.516666666666666, "Mode_P": 80.0, "Mode_precision": 0.08750000000000004, "Mode_recall": 0.23069940880471093, "Mode_F1": 0.1267952732725751, "Mode_TP_C": 74.33333333333333, "Mode_recall_C": 0.07433333333333333, "Purity": 0.5183166666666666, "AMI": 0.14258312316272248, "ARand": 0.025931505269278787}