{"IoU_TP": 0.1, "IoU_T": 30.0, "IoU_P": 20.0, "IoU_precision": 0.005, "IoU_recall": 0.0032651248300580886, "IoU_F1": 0.003949251495469983, "Mode_TP": 3.966666666666667, "Mode_T": 30.0, "Mode_P": 20.0, "Mode_precision": 0.19833333333333328, "Mode_recall": 0.1326232743193719, "Mode_F1": 0.15885499769805708, "Mode_TP_C": 145.9, "Mode_recall_C": 0.14590000000000003, "Purity": 0.4592833333333334, "AMI": 0.15346450837000764, "ARand": 0.06208635003609249}