{"IoU_TP": 0.05, "IoU_T": 29.933333333333334, "IoU_P": 50.0, "IoU_precision": 0.001, "IoU_recall": 0.0016331803856136447, "IoU_F1": 0.0012399676270555483, "Mode_TP": 5.366666666666666, "Mode_T": 29.933333333333334, "Mode_P": 50.0, "Mode_precision": 0.1073333333333333, "Mode_recall": 0.1794209712383841, "Mode_F1": 0.13420812125037548, "Mode_TP_C": 95.4, "Mode_recall_C": 0.09540000000000003, "Purity": 0.49541666666666656, "AMI": 0.15253082331887363, "ARand": 0.03811829099004857}