{"IoU_TP": 2.533333333333333, "IoU_T": 30.283333333333335, "IoU_P": 200.0, "IoU_precision": 0.012666666666666677, "IoU_recall": 0.08324476534488609, "IoU_F1": 0.021978813257681015, "Mode_TP": 12.85, "Mode_T": 30.283333333333335, "Mode_P": 200.0, "Mode_precision": 0.06425, "Mode_recall": 0.4256676662837579, "Mode_F1": 0.11159932246868354, "Mode_TP_C": 54.4, "Mode_recall_C": 0.05440000000000002, "Purity": 0.5917833333333334, "AMI": 0.12298912122895587, "ARand": 0.012218342590040997}