{"IoU_TP": 0.016666666666666666, "IoU_T": 30.6, "IoU_P": 30.0, "IoU_precision": 0.0005555555555555556, "IoU_recall": 0.0005555555555555556, "IoU_F1": 0.0005555555555555556, "Mode_TP": 4.3, "Mode_T": 30.6, "Mode_P": 30.0, "Mode_precision": 0.14333333333333342, "Mode_recall": 0.14066886963356895, "Mode_F1": 0.14190522309583964, "Mode_TP_C": 118.65, "Mode_recall_C": 0.11864999999999999, "Purity": 0.4684999999999998, "AMI": 0.1529092174824801, "ARand": 0.050423971299356794}