{"IoU_TP": 0.4666666666666667, "IoU_T": 30.316666666666666, "IoU_P": 30.0, "IoU_precision": 0.015555555555555553, "IoU_recall": 0.015664254713893197, "IoU_F1": 0.015596356761078239, "Mode_TP": 5.533333333333333, "Mode_T": 30.316666666666666, "Mode_P": 30.0, "Mode_precision": 0.18444444444444433, "Mode_recall": 0.18315366194245095, "Mode_F1": 0.1836376157468578, "Mode_TP_C": 156.63333333333333, "Mode_recall_C": 0.15663333333333326, "Purity": 0.5000166666666667, "AMI": 0.19217339294603444, "ARand": 0.06987548027090089, "ModeSoft_TP": 5.533333333333333, "ModeSoft_T": 30.316666666666666, "ModeSoft_P": 30.0, "ModeSoft_precision": 0.18444444444444433, "ModeSoft_recall": 0.18315366194245095, "ModeSoft_F1": 0.1836376157468578, "ModeSoft_TP_C": 140.96999999999989, "ModeSoft_recall_C": 0.1409699999999999, "ModeProb_TP": 2.3833333333333333, "ModeProb_T": 30.316666666666666, "ModeProb_P": 30.0, "ModeProb_precision": 0.07944444444444444, "ModeProb_recall": 0.07841095108516426, "ModeProb_F1": 0.07886327598472033}