{"IoU_TP": 0.8833333333333333, "IoU_T": 29.966666666666665, "IoU_P": 120.0, "IoU_precision": 0.007361111111111114, "IoU_recall": 0.029586737521943306, "IoU_F1": 0.011783580635890249, "Mode_TP": 9.316666666666666, "Mode_T": 29.966666666666665, "Mode_P": 120.0, "Mode_precision": 0.07763888888888894, "Mode_recall": 0.31148548179323127, "Mode_F1": 0.12423093979031431, "Mode_TP_C": 63.916666666666664, "Mode_recall_C": 0.06391666666666669, "Purity": 0.5461333333333335, "AMI": 0.13722552685503997, "ARand": 0.018722324367914853}