{"IoU_TP": 0.08333333333333333, "IoU_T": 30.0, "IoU_P": 10.0, "IoU_precision": 0.008333333333333333, "IoU_recall": 0.0028553596504914966, "IoU_F1": 0.004247604247604247, "Mode_TP": 3.65, "Mode_T": 30.0, "Mode_P": 10.0, "Mode_precision": 0.3649999999999999, "Mode_recall": 0.12199594236160603, "Mode_F1": 0.1827400696627791, "Mode_TP_C": 233.75, "Mode_recall_C": 0.23375, "Purity": 0.4397333333333334, "AMI": 0.15695467617352532, "ARand": 0.08944896199871247}