{"1e-05": {"IoU_TP": 28.35, "IoU_T": 57.275, "IoU_P": 127.375, "IoU_precision": 0.21582650010123844, "IoU_recall": 0.49302318131496287, "IoU_F1": 0.2954164913081591, "Mode_TP": 42.3, "Mode_T": 57.275, "Mode_P": 127.375, "Mode_precision": 0.32587091832593074, "Mode_recall": 0.7602416361845776, "Mode_F1": 0.44888581058407695, "Mode_TP_C": 77.225, "Mode_recall_C": 0.3097537505173238, "Purity": 0.7534488851040836, "AMI": 0.2387454906144298, "ARand": 0.1650589917125665, "ModeProb_TP": 26.825000000000003, "ModeProb_T": 57.275, "ModeProb_P": 150.0, "ModeProb_precision": 0.17883333333333334, "ModeProb_recall": 0.46015176359214843, "ModeProb_F1": 0.24975158251579704}}