{"1e-05": {"IoU_TP": 12.275, "IoU_T": 56.35, "IoU_P": 49.675, "IoU_precision": 0.2466577442571231, "IoU_recall": 0.24012367482049274, "IoU_F1": 0.23372564183486982, "Mode_TP": 23.400000000000002, "Mode_T": 56.35, "Mode_P": 49.675, "Mode_precision": 0.4701321601104209, "Mode_recall": 0.4489783096659941, "Mode_F1": 0.4409869347589168, "Mode_TP_C": 76.3, "Mode_recall_C": 0.2931228137476976, "Purity": 0.486737925659759, "AMI": 0.26103483339243594, "ARand": 0.20065684877010956, "ModeProb_TP": 19.325, "ModeProb_T": 56.35, "ModeProb_P": 50.0, "ModeProb_precision": 0.38650000000000007, "ModeProb_recall": 0.35194178069933857, "ModeProb_F1": 0.35406297556856087}}